[{"model": "admin.logentry", "pk": 1, "fields": {"action_time": "2024-12-16T11:14:22.396Z", "user": 1, "content_type": 7, "object_id": "1", "object_repr": "99testimonials.com", "action_flag": 2, "change_message": "[{\"changed\": {\"fields\": [\"Domain name\", \"Display name\"]}}]"}}, {"model": "admin.logentry", "pk": 2, "fields": {"action_time": "2024-12-16T11:15:44.475Z", "user": 1, "content_type": 15, "object_id": "1", "object_repr": "Dummy project 1", "action_flag": 1, "change_message": "[{\"added\": {}}]"}}, {"model": "admin.logentry", "pk": 3, "fields": {"action_time": "2024-12-16T11:25:47.893Z", "user": 1, "content_type": 4, "object_id": "2", "object_repr": "tarunkota", "action_flag": 1, "change_message": "[{\"added\": {}}]"}}, {"model": "admin.logentry", "pk": 4, "fields": {"action_time": "2024-12-16T11:26:31.545Z", "user": 1, "content_type": 10, "object_id": "1", "object_repr": "tarunkota4@gmail.com", "action_flag": 1, "change_message": "[{\"added\": {}}]"}}, {"model": "admin.logentry", "pk": 5, "fields": {"action_time": "2024-12-18T01:29:33.256Z", "user": 1, "content_type": 19, "object_id": "7", "object_repr": "Image for Vidit Gujrathi", "action_flag": 3, "change_message": ""}}, {"model": "admin.logentry", "pk": 6, "fields": {"action_time": "2024-12-18T01:29:33.256Z", "user": 1, "content_type": 19, "object_id": "6", "object_repr": "Image for Vidit Gujrathi", "action_flag": 3, "change_message": ""}}, {"model": "admin.logentry", "pk": 7, "fields": {"action_time": "2024-12-18T01:29:33.256Z", "user": 1, "content_type": 19, "object_id": "5", "object_repr": "Image for Vidit Gujrathi", "action_flag": 3, "change_message": ""}}, {"model": "admin.logentry", "pk": 8, "fields": {"action_time": "2024-12-18T01:29:33.256Z", "user": 1, "content_type": 19, "object_id": "4", "object_repr": "Image for Vidit Gujrathi", "action_flag": 3, "change_message": ""}}, {"model": "admin.logentry", "pk": 9, "fields": {"action_time": "2024-12-18T01:29:33.256Z", "user": 1, "content_type": 19, "object_id": "3", "object_repr": "Image for Vidit Gujrathi", "action_flag": 3, "change_message": ""}}, {"model": "admin.logentry", "pk": 10, "fields": {"action_time": "2024-12-18T01:29:33.256Z", "user": 1, "content_type": 19, "object_id": "2", "object_repr": "Image for Vidit Gujrathi", "action_flag": 3, "change_message": ""}}, {"model": "admin.logentry", "pk": 11, "fields": {"action_time": "2024-12-18T01:29:33.256Z", "user": 1, "content_type": 19, "object_id": "1", "object_repr": "Image for Vidit Gujrathi", "action_flag": 3, "change_message": ""}}, {"model": "admin.logentry", "pk": 12, "fields": {"action_time": "2024-12-18T01:29:39.898Z", "user": 1, "content_type": 18, "object_id": "1", "object_repr": "Vidit Gujrathi", "action_flag": 3, "change_message": ""}}, {"model": "admin.logentry", "pk": 13, "fields": {"action_time": "2024-12-18T02:09:20.299Z", "user": 1, "content_type": 18, "object_id": "4", "object_repr": "John Doe", "action_flag": 1, "change_message": "[{\"added\": {}}]"}}, {"model": "admin.logentry", "pk": 14, "fields": {"action_time": "2024-12-18T02:29:02.372Z", "user": 1, "content_type": 9, "object_id": "1", "object_repr": "97810155601103ccc29cb7f3f2dd41c070700027", "action_flag": 2, "change_message": "[]"}}, {"model": "admin.logentry", "pk": 15, "fields": {"action_time": "2024-12-25T07:41:36.225Z", "user": 1, "content_type": 21, "object_id": "4", "object_repr": "Dummy project 1", "action_flag": 3, "change_message": ""}}, {"model": "admin.logentry", "pk": 16, "fields": {"action_time": "2024-12-25T07:41:36.225Z", "user": 1, "content_type": 21, "object_id": "3", "object_repr": "", "action_flag": 3, "change_message": ""}}, {"model": "admin.logentry", "pk": 17, "fields": {"action_time": "2024-12-25T07:41:36.225Z", "user": 1, "content_type": 21, "object_id": "2", "object_repr": "test2", "action_flag": 3, "change_message": ""}}, {"model": "admin.logentry", "pk": 18, "fields": {"action_time": "2024-12-25T07:41:36.225Z", "user": 1, "content_type": 21, "object_id": "1", "object_repr": "test", "action_flag": 3, "change_message": ""}}, {"model": "admin.logentry", "pk": 19, "fields": {"action_time": "2024-12-25T07:44:17.150Z", "user": 1, "content_type": 21, "object_id": "5", "object_repr": "Test 2", "action_flag": 3, "change_message": ""}}, {"model": "admin.logentry", "pk": 20, "fields": {"action_time": "2024-12-25T07:46:23.110Z", "user": 1, "content_type": 21, "object_id": "8", "object_repr": "test3", "action_flag": 3, "change_message": ""}}, {"model": "admin.logentry", "pk": 21, "fields": {"action_time": "2024-12-25T07:46:23.110Z", "user": 1, "content_type": 21, "object_id": "7", "object_repr": "test3", "action_flag": 3, "change_message": ""}}, {"model": "admin.logentry", "pk": 22, "fields": {"action_time": "2024-12-25T07:46:23.110Z", "user": 1, "content_type": 21, "object_id": "6", "object_repr": "test3", "action_flag": 3, "change_message": ""}}, {"model": "admin.logentry", "pk": 23, "fields": {"action_time": "2024-12-29T02:12:22.470Z", "user": 1, "content_type": 23, "object_id": "1", "object_repr": "Pop ups", "action_flag": 1, "change_message": "[{\"added\": {}}]"}}, {"model": "admin.logentry", "pk": 24, "fields": {"action_time": "2024-12-29T02:13:21.331Z", "user": 1, "content_type": 22, "object_id": "1", "object_repr": "Pop-up 1", "action_flag": 1, "change_message": "[{\"added\": {}}]"}}, {"model": "admin.logentry", "pk": 25, "fields": {"action_time": "2024-12-29T02:16:32.632Z", "user": 1, "content_type": 22, "object_id": "1", "object_repr": "Pop-up 1", "action_flag": 2, "change_message": "[{\"changed\": {\"fields\": [\"Image\"]}}]"}}, {"model": "admin.logentry", "pk": 26, "fields": {"action_time": "2024-12-29T02:23:57.649Z", "user": 1, "content_type": 24, "object_id": "90d71e82-3e8f-4cbe-8237-18b10aa658ec", "object_repr": "Dummy project 1 - Pop-up 1", "action_flag": 1, "change_message": "[{\"added\": {}}]"}}, {"model": "admin.logentry", "pk": 27, "fields": {"action_time": "2024-12-29T02:41:47.627Z", "user": 1, "content_type": 24, "object_id": "90d71e82-3e8f-4cbe-8237-18b10aa658ec", "object_repr": "Dummy project 1 - Pop-up 1", "action_flag": 2, "change_message": "[{\"changed\": {\"fields\": [\"Testimonials\"]}}]"}}, {"model": "admin.logentry", "pk": 28, "fields": {"action_time": "2025-01-03T06:35:52.674Z", "user": 1, "content_type": 22, "object_id": "2", "object_repr": "Pop-up 2", "action_flag": 1, "change_message": "[{\"added\": {}}]"}}, {"model": "admin.logentry", "pk": 29, "fields": {"action_time": "2025-01-03T06:36:43.161Z", "user": 1, "content_type": 23, "object_id": "2", "object_repr": "Widgets", "action_flag": 1, "change_message": "[{\"added\": {}}]"}}, {"model": "admin.logentry", "pk": 30, "fields": {"action_time": "2025-01-03T06:36:45.875Z", "user": 1, "content_type": 23, "object_id": "1", "object_repr": "Pop ups", "action_flag": 2, "change_message": "[]"}}, {"model": "admin.logentry", "pk": 31, "fields": {"action_time": "2025-01-03T06:39:32.324Z", "user": 1, "content_type": 22, "object_id": "3", "object_repr": "Widget 1", "action_flag": 1, "change_message": "[{\"added\": {}}]"}}, {"model": "admin.logentry", "pk": 32, "fields": {"action_time": "2025-01-03T06:39:58.581Z", "user": 1, "content_type": 22, "object_id": "4", "object_repr": "Widget 2", "action_flag": 1, "change_message": "[{\"added\": {}}]"}}, {"model": "admin.logentry", "pk": 33, "fields": {"action_time": "2025-01-03T06:40:18.425Z", "user": 1, "content_type": 22, "object_id": "5", "object_repr": "Widget 3", "action_flag": 1, "change_message": "[{\"added\": {}}]"}}, {"model": "admin.logentry", "pk": 34, "fields": {"action_time": "2025-01-03T06:41:01.831Z", "user": 1, "content_type": 22, "object_id": "6", "object_repr": "Widget 4", "action_flag": 1, "change_message": "[{\"added\": {}}]"}}, {"model": "admin.logentry", "pk": 35, "fields": {"action_time": "2025-01-03T06:41:19.627Z", "user": 1, "content_type": 22, "object_id": "7", "object_repr": "Widget 5", "action_flag": 1, "change_message": "[{\"added\": {}}]"}}, {"model": "admin.logentry", "pk": 36, "fields": {"action_time": "2025-01-03T06:41:41.559Z", "user": 1, "content_type": 22, "object_id": "8", "object_repr": "Widget 8", "action_flag": 1, "change_message": "[{\"added\": {}}]"}}, {"model": "admin.logentry", "pk": 37, "fields": {"action_time": "2025-01-03T06:41:59.745Z", "user": 1, "content_type": 22, "object_id": "9", "object_repr": "Widget 9", "action_flag": 1, "change_message": "[{\"added\": {}}]"}}, {"model": "admin.logentry", "pk": 38, "fields": {"action_time": "2025-01-03T06:42:33.785Z", "user": 1, "content_type": 22, "object_id": "10", "object_repr": "Widget 10", "action_flag": 1, "change_message": "[{\"added\": {}}]"}}, {"model": "admin.logentry", "pk": 39, "fields": {"action_time": "2025-01-03T06:42:58.137Z", "user": 1, "content_type": 22, "object_id": "11", "object_repr": "Widgets 11", "action_flag": 1, "change_message": "[{\"added\": {}}]"}}, {"model": "admin.logentry", "pk": 40, "fields": {"action_time": "2025-01-03T06:43:07.298Z", "user": 1, "content_type": 22, "object_id": "11", "object_repr": "Widgets 11", "action_flag": 2, "change_message": "[{\"changed\": {\"fields\": [\"Multiple\"]}}]"}}, {"model": "admin.logentry", "pk": 41, "fields": {"action_time": "2025-01-03T06:43:18.910Z", "user": 1, "content_type": 22, "object_id": "12", "object_repr": "Widgets 12", "action_flag": 1, "change_message": "[{\"added\": {}}]"}}, {"model": "admin.logentry", "pk": 42, "fields": {"action_time": "2025-01-03T06:44:06.528Z", "user": 1, "content_type": 23, "object_id": "3", "object_repr": "Video Embeds", "action_flag": 1, "change_message": "[{\"added\": {}}]"}}, {"model": "admin.logentry", "pk": 43, "fields": {"action_time": "2025-01-03T06:44:58.804Z", "user": 1, "content_type": 22, "object_id": "13", "object_repr": "Single Video", "action_flag": 1, "change_message": "[{\"added\": {}}]"}}, {"model": "admin.logentry", "pk": 44, "fields": {"action_time": "2025-01-03T06:45:12.308Z", "user": 1, "content_type": 22, "object_id": "14", "object_repr": "Multiple Videos", "action_flag": 1, "change_message": "[{\"added\": {}}]"}}, {"model": "admin.logentry", "pk": 45, "fields": {"action_time": "2025-01-03T08:05:32.910Z", "user": 1, "content_type": 24, "object_id": "b58f7590-6e45-4dd6-8ed3-1b9915840c6c", "object_repr": "Dummy project 1 - test 3", "action_flag": 2, "change_message": "[{\"changed\": {\"fields\": [\"Template\", \"Testimonials\"]}}]"}}, {"model": "admin.logentry", "pk": 46, "fields": {"action_time": "2025-01-04T01:42:26.980Z", "user": 1, "content_type": 4, "object_id": "4", "object_repr": "testuser", "action_flag": 3, "change_message": ""}}, {"model": "admin.logentry", "pk": 47, "fields": {"action_time": "2025-01-04T01:44:37.875Z", "user": 1, "content_type": 4, "object_id": "5", "object_repr": "testuser", "action_flag": 3, "change_message": ""}}, {"model": "admin.logentry", "pk": 48, "fields": {"action_time": "2025-01-04T01:50:14.010Z", "user": 1, "content_type": 4, "object_id": "3", "object_repr": "newuser", "action_flag": 3, "change_message": ""}}, {"model": "admin.logentry", "pk": 49, "fields": {"action_time": "2025-01-04T01:50:14.010Z", "user": 1, "content_type": 4, "object_id": "6", "object_repr": "testuser", "action_flag": 3, "change_message": ""}}, {"model": "admin.logentry", "pk": 50, "fields": {"action_time": "2025-01-04T01:51:52.635Z", "user": 1, "content_type": 4, "object_id": "7", "object_repr": "testuser@example.com", "action_flag": 3, "change_message": ""}}, {"model": "admin.logentry", "pk": 51, "fields": {"action_time": "2025-01-04T01:52:47.427Z", "user": 1, "content_type": 4, "object_id": "8", "object_repr": "testuser@example.com", "action_flag": 3, "change_message": ""}}, {"model": "admin.logentry", "pk": 52, "fields": {"action_time": "2025-01-04T01:55:32.403Z", "user": 1, "content_type": 4, "object_id": "10", "object_repr": "testuser3@example.com", "action_flag": 3, "change_message": ""}}, {"model": "admin.logentry", "pk": 53, "fields": {"action_time": "2025-01-04T01:55:32.403Z", "user": 1, "content_type": 4, "object_id": "9", "object_repr": "testuser@example.com", "action_flag": 3, "change_message": ""}}, {"model": "admin.logentry", "pk": 54, "fields": {"action_time": "2025-01-05T02:28:04.424Z", "user": 1, "content_type": 18, "object_id": "12", "object_repr": "wh", "action_flag": 3, "change_message": ""}}, {"model": "admin.logentry", "pk": 55, "fields": {"action_time": "2025-01-05T02:28:04.425Z", "user": 1, "content_type": 18, "object_id": "11", "object_repr": "wh", "action_flag": 3, "change_message": ""}}, {"model": "admin.logentry", "pk": 56, "fields": {"action_time": "2025-01-05T02:28:04.425Z", "user": 1, "content_type": 18, "object_id": "10", "object_repr": "wh", "action_flag": 3, "change_message": ""}}, {"model": "admin.logentry", "pk": 57, "fields": {"action_time": "2025-01-05T02:28:04.425Z", "user": 1, "content_type": 18, "object_id": "9", "object_repr": "tare", "action_flag": 3, "change_message": ""}}, {"model": "admin.logentry", "pk": 58, "fields": {"action_time": "2025-01-05T02:28:04.425Z", "user": 1, "content_type": 18, "object_id": "8", "object_repr": "tare", "action_flag": 3, "change_message": ""}}, {"model": "admin.logentry", "pk": 59, "fields": {"action_time": "2025-01-05T02:28:04.425Z", "user": 1, "content_type": 18, "object_id": "7", "object_repr": "tare", "action_flag": 3, "change_message": ""}}, {"model": "admin.logentry", "pk": 60, "fields": {"action_time": "2025-01-05T02:28:04.425Z", "user": 1, "content_type": 18, "object_id": "6", "object_repr": "tarun", "action_flag": 3, "change_message": ""}}, {"model": "admin.logentry", "pk": 61, "fields": {"action_time": "2025-01-05T02:28:04.425Z", "user": 1, "content_type": 18, "object_id": "5", "object_repr": "Tarun Kota", "action_flag": 3, "change_message": ""}}, {"model": "admin.logentry", "pk": 62, "fields": {"action_time": "2025-01-05T02:28:04.425Z", "user": 1, "content_type": 18, "object_id": "4", "object_repr": "John Doe", "action_flag": 3, "change_message": ""}}, {"model": "admin.logentry", "pk": 63, "fields": {"action_time": "2025-01-05T02:28:04.425Z", "user": 1, "content_type": 18, "object_id": "3", "object_repr": "bettybratt", "action_flag": 3, "change_message": ""}}, {"model": "admin.logentry", "pk": 64, "fields": {"action_time": "2025-01-05T02:28:04.425Z", "user": 1, "content_type": 18, "object_id": "2", "object_repr": "Vidit Gujrathi", "action_flag": 3, "change_message": ""}}, {"model": "admin.logentry", "pk": 65, "fields": {"action_time": "2025-01-06T11:13:16.236Z", "user": 1, "content_type": 24, "object_id": "b58f7590-6e45-4dd6-8ed3-1b9915840c6c", "object_repr": "Dummy project 1 - test 3", "action_flag": 3, "change_message": ""}}, {"model": "admin.logentry", "pk": 66, "fields": {"action_time": "2025-01-06T11:13:16.236Z", "user": 1, "content_type": 24, "object_id": "90d71e82-3e8f-4cbe-8237-18b10aa658ec", "object_repr": "Dummy project 1 - ", "action_flag": 3, "change_message": ""}}, {"model": "admin.logentry", "pk": 67, "fields": {"action_time": "2025-01-06T11:13:16.236Z", "user": 1, "content_type": 24, "object_id": "5f9e3134-4fe7-45de-a294-d8878a30d876", "object_repr": "Dummy project 1 - ", "action_flag": 3, "change_message": ""}}, {"model": "admin.logentry", "pk": 68, "fields": {"action_time": "2025-01-06T11:13:16.236Z", "user": 1, "content_type": 24, "object_id": "0e8bc1a2-0d64-40f5-925a-5d6301e34eb9", "object_repr": "Dummy project 1 - Widget 10", "action_flag": 3, "change_message": ""}}, {"model": "admin.logentry", "pk": 69, "fields": {"action_time": "2025-01-06T11:21:08.210Z", "user": 1, "content_type": 24, "object_id": "b4f45a16-df31-4687-ad43-8bfec8523323", "object_repr": "Dummy project 1 - widget 10", "action_flag": 3, "change_message": ""}}, {"model": "admin.logentry", "pk": 70, "fields": {"action_time": "2025-01-06T11:21:08.210Z", "user": 1, "content_type": 24, "object_id": "68f0ca62-aa3a-4dd2-bbea-8e798ba62fee", "object_repr": "Dummy project 1 - Widget 2", "action_flag": 3, "change_message": ""}}, {"model": "admin.logentry", "pk": 71, "fields": {"action_time": "2025-01-06T11:21:08.210Z", "user": 1, "content_type": 24, "object_id": "4c9f6f6d-9767-4487-a83e-a1511ee9fd0a", "object_repr": "Dummy project 1 - Widget 1", "action_flag": 3, "change_message": ""}}, {"model": "admin.logentry", "pk": 72, "fields": {"action_time": "2025-01-06T11:22:15.945Z", "user": 1, "content_type": 15, "object_id": "1", "object_repr": "Dummy project 1", "action_flag": 3, "change_message": ""}}, {"model": "admin.logentry", "pk": 73, "fields": {"action_time": "2025-01-08T08:37:28.685Z", "user": 1, "content_type": 24, "object_id": "f7fe6bbc-42c2-42e5-9a36-16b9940d1a15", "object_repr": "Demo project 1 - w4", "action_flag": 3, "change_message": ""}}, {"model": "admin.logentry", "pk": 74, "fields": {"action_time": "2025-01-08T08:37:28.685Z", "user": 1, "content_type": 24, "object_id": "c3ca8ab7-1294-46a6-b1f1-9828a8a3f003", "object_repr": "Demo project 1 - w3", "action_flag": 3, "change_message": ""}}, {"model": "admin.logentry", "pk": 75, "fields": {"action_time": "2025-01-08T08:50:16.388Z", "user": 1, "content_type": 24, "object_id": "e14586af-db5a-4cd6-913b-be9a0501f9e2", "object_repr": "Demo project 1 - ", "action_flag": 3, "change_message": ""}}, {"model": "admin.logentry", "pk": 76, "fields": {"action_time": "2025-01-08T08:50:29.652Z", "user": 1, "content_type": 24, "object_id": "f5df440d-811e-46bc-9193-cad8e167c0a0", "object_repr": "demo project 2 - W1", "action_flag": 3, "change_message": ""}}, {"model": "admin.logentry", "pk": 77, "fields": {"action_time": "2025-01-20T09:02:56.577Z", "user": 1, "content_type": 4, "object_id": "12", "object_repr": "tarunkota4@gmail.com", "action_flag": 3, "change_message": ""}}, {"model": "admin.logentry", "pk": 78, "fields": {"action_time": "2025-01-20T09:02:56.577Z", "user": 1, "content_type": 4, "object_id": "11", "object_repr": "tarunkota@gmail.com", "action_flag": 3, "change_message": ""}}, {"model": "admin.logentry", "pk": 79, "fields": {"action_time": "2025-01-20T09:08:55.783Z", "user": 1, "content_type": 4, "object_id": "13", "object_repr": "tarunkota4@gmail.com", "action_flag": 2, "change_message": "[{\"changed\": {\"fields\": [\"password\"]}}]"}}, {"model": "admin.logentry", "pk": 80, "fields": {"action_time": "2025-01-20T09:09:30.091Z", "user": 1, "content_type": 4, "object_id": "13", "object_repr": "tarunkota4@gmail.com", "action_flag": 2, "change_message": "[{\"changed\": {\"fields\": [\"password\"]}}]"}}, {"model": "admin.logentry", "pk": 81, "fields": {"action_time": "2025-01-20T09:31:17.907Z", "user": 1, "content_type": 27, "object_id": "1", "object_repr": "Free", "action_flag": 1, "change_message": "[{\"added\": {}}]"}}, {"model": "admin.logentry", "pk": 82, "fields": {"action_time": "2025-01-20T09:33:35.471Z", "user": 1, "content_type": 27, "object_id": "2", "object_repr": "Pro", "action_flag": 1, "change_message": "[{\"added\": {}}]"}}, {"model": "admin.logentry", "pk": 83, "fields": {"action_time": "2025-01-20T09:36:15.296Z", "user": 1, "content_type": 27, "object_id": "2", "object_repr": "Pro", "action_flag": 2, "change_message": "[{\"changed\": {\"fields\": [\"Features\", \"Projects\"]}}]"}}, {"model": "admin.logentry", "pk": 84, "fields": {"action_time": "2025-01-20T09:36:51.477Z", "user": 1, "content_type": 27, "object_id": "1", "object_repr": "Free", "action_flag": 2, "change_message": "[]"}}, {"model": "admin.logentry", "pk": 85, "fields": {"action_time": "2025-01-20T09:42:56.026Z", "user": 1, "content_type": 25, "object_id": "3", "object_repr": "tarunkota4@gmail.com - Unknown", "action_flag": 2, "change_message": "[{\"changed\": {\"fields\": [\"Phone\", \"Pricing plan\"]}}]"}}, {"model": "admin.logentry", "pk": 86, "fields": {"action_time": "2025-01-20T09:49:32.640Z", "user": 1, "content_type": 25, "object_id": "3", "object_repr": "tarunkota4@gmail.com - Unknown", "action_flag": 3, "change_message": ""}}, {"model": "admin.logentry", "pk": 87, "fields": {"action_time": "2025-01-20T09:50:57.850Z", "user": 1, "content_type": 25, "object_id": "4", "object_repr": "tarunkota4@gmail.com - Unknown", "action_flag": 3, "change_message": ""}}, {"model": "admin.logentry", "pk": 88, "fields": {"action_time": "2025-01-20T09:52:30.326Z", "user": 1, "content_type": 25, "object_id": "5", "object_repr": "tarunkota4@gmail.com - Unknown", "action_flag": 3, "change_message": ""}}, {"model": "admin.logentry", "pk": 89, "fields": {"action_time": "2025-01-21T05:41:10.407Z", "user": 1, "content_type": 18, "object_id": "86", "object_repr": "eafea", "action_flag": 3, "change_message": ""}}, {"model": "admin.logentry", "pk": 90, "fields": {"action_time": "2025-01-21T05:41:10.407Z", "user": 1, "content_type": 18, "object_id": "85", "object_repr": "eafea", "action_flag": 3, "change_message": ""}}, {"model": "admin.logentry", "pk": 91, "fields": {"action_time": "2025-01-21T05:41:10.407Z", "user": 1, "content_type": 18, "object_id": "84", "object_repr": "aeffea", "action_flag": 3, "change_message": ""}}, {"model": "admin.logentry", "pk": 92, "fields": {"action_time": "2025-01-21T05:41:10.407Z", "user": 1, "content_type": 18, "object_id": "83", "object_repr": "JOnh", "action_flag": 3, "change_message": ""}}, {"model": "admin.logentry", "pk": 93, "fields": {"action_time": "2025-01-21T05:41:10.407Z", "user": 1, "content_type": 18, "object_id": "82", "object_repr": "JOnh", "action_flag": 3, "change_message": ""}}, {"model": "admin.logentry", "pk": 94, "fields": {"action_time": "2025-01-21T05:41:10.407Z", "user": 1, "content_type": 18, "object_id": "81", "object_repr": "JOnh", "action_flag": 3, "change_message": ""}}, {"model": "admin.logentry", "pk": 95, "fields": {"action_time": "2025-01-21T05:41:10.407Z", "user": 1, "content_type": 18, "object_id": "80", "object_repr": "JOnh", "action_flag": 3, "change_message": ""}}, {"model": "admin.logentry", "pk": 96, "fields": {"action_time": "2025-01-21T05:41:10.407Z", "user": 1, "content_type": 18, "object_id": "79", "object_repr": "JOnh", "action_flag": 3, "change_message": ""}}, {"model": "admin.logentry", "pk": 97, "fields": {"action_time": "2025-01-21T05:41:10.407Z", "user": 1, "content_type": 18, "object_id": "78", "object_repr": "JOnh", "action_flag": 3, "change_message": ""}}, {"model": "admin.logentry", "pk": 98, "fields": {"action_time": "2025-01-21T05:41:10.407Z", "user": 1, "content_type": 18, "object_id": "77", "object_repr": "JOnh", "action_flag": 3, "change_message": ""}}, {"model": "admin.logentry", "pk": 99, "fields": {"action_time": "2025-01-21T05:41:10.407Z", "user": 1, "content_type": 18, "object_id": "76", "object_repr": "JOnh", "action_flag": 3, "change_message": ""}}, {"model": "admin.logentry", "pk": 100, "fields": {"action_time": "2025-01-21T05:41:10.407Z", "user": 1, "content_type": 18, "object_id": "75", "object_repr": "JOnh", "action_flag": 3, "change_message": ""}}, {"model": "admin.logentry", "pk": 101, "fields": {"action_time": "2025-01-21T05:41:10.407Z", "user": 1, "content_type": 18, "object_id": "74", "object_repr": "JOnh", "action_flag": 3, "change_message": ""}}, {"model": "admin.logentry", "pk": 102, "fields": {"action_time": "2025-01-21T05:41:10.407Z", "user": 1, "content_type": 18, "object_id": "73", "object_repr": "JOnh", "action_flag": 3, "change_message": ""}}, {"model": "admin.logentry", "pk": 103, "fields": {"action_time": "2025-01-21T05:41:10.407Z", "user": 1, "content_type": 18, "object_id": "72", "object_repr": "JOnh", "action_flag": 3, "change_message": ""}}, {"model": "admin.logentry", "pk": 104, "fields": {"action_time": "2025-01-21T05:41:10.407Z", "user": 1, "content_type": 18, "object_id": "71", "object_repr": "JOnh", "action_flag": 3, "change_message": ""}}, {"model": "admin.logentry", "pk": 105, "fields": {"action_time": "2025-01-21T05:41:10.407Z", "user": 1, "content_type": 18, "object_id": "70", "object_repr": "JOnh", "action_flag": 3, "change_message": ""}}, {"model": "admin.logentry", "pk": 106, "fields": {"action_time": "2025-01-21T05:41:10.407Z", "user": 1, "content_type": 18, "object_id": "69", "object_repr": "JOnh", "action_flag": 3, "change_message": ""}}, {"model": "admin.logentry", "pk": 107, "fields": {"action_time": "2025-01-21T05:41:10.407Z", "user": 1, "content_type": 18, "object_id": "68", "object_repr": "JOnh", "action_flag": 3, "change_message": ""}}, {"model": "admin.logentry", "pk": 108, "fields": {"action_time": "2025-01-22T02:19:13.285Z", "user": 1, "content_type": 21, "object_id": "18", "object_repr": "", "action_flag": 3, "change_message": ""}}, {"model": "admin.logentry", "pk": 109, "fields": {"action_time": "2025-01-22T02:19:13.285Z", "user": 1, "content_type": 21, "object_id": "17", "object_repr": "", "action_flag": 3, "change_message": ""}}, {"model": "admin.logentry", "pk": 110, "fields": {"action_time": "2025-01-22T02:19:13.285Z", "user": 1, "content_type": 21, "object_id": "16", "object_repr": "c3", "action_flag": 3, "change_message": ""}}, {"model": "admin.logentry", "pk": 111, "fields": {"action_time": "2025-01-22T02:19:13.285Z", "user": 1, "content_type": 21, "object_id": "15", "object_repr": "", "action_flag": 3, "change_message": ""}}, {"model": "admin.logentry", "pk": 112, "fields": {"action_time": "2025-01-22T02:19:13.285Z", "user": 1, "content_type": 21, "object_id": "14", "object_repr": "c3", "action_flag": 3, "change_message": ""}}, {"model": "admin.logentry", "pk": 113, "fields": {"action_time": "2025-01-22T11:16:27.231Z", "user": 1, "content_type": 4, "object_id": "14", "object_repr": "tarunkota44@gmail.com", "action_flag": 2, "change_message": "[{\"changed\": {\"fields\": [\"password\"]}}]"}}, {"model": "auth.permission", "pk": 1, "fields": {"name": "Can add log entry", "content_type": 1, "codename": "add_logentry"}}, {"model": "auth.permission", "pk": 2, "fields": {"name": "Can change log entry", "content_type": 1, "codename": "change_logentry"}}, {"model": "auth.permission", "pk": 3, "fields": {"name": "Can delete log entry", "content_type": 1, "codename": "delete_logentry"}}, {"model": "auth.permission", "pk": 4, "fields": {"name": "Can view log entry", "content_type": 1, "codename": "view_logentry"}}, {"model": "auth.permission", "pk": 5, "fields": {"name": "Can add permission", "content_type": 2, "codename": "add_permission"}}, {"model": "auth.permission", "pk": 6, "fields": {"name": "Can change permission", "content_type": 2, "codename": "change_permission"}}, {"model": "auth.permission", "pk": 7, "fields": {"name": "Can delete permission", "content_type": 2, "codename": "delete_permission"}}, {"model": "auth.permission", "pk": 8, "fields": {"name": "Can view permission", "content_type": 2, "codename": "view_permission"}}, {"model": "auth.permission", "pk": 9, "fields": {"name": "Can add group", "content_type": 3, "codename": "add_group"}}, {"model": "auth.permission", "pk": 10, "fields": {"name": "Can change group", "content_type": 3, "codename": "change_group"}}, {"model": "auth.permission", "pk": 11, "fields": {"name": "Can delete group", "content_type": 3, "codename": "delete_group"}}, {"model": "auth.permission", "pk": 12, "fields": {"name": "Can view group", "content_type": 3, "codename": "view_group"}}, {"model": "auth.permission", "pk": 13, "fields": {"name": "Can add user", "content_type": 4, "codename": "add_user"}}, {"model": "auth.permission", "pk": 14, "fields": {"name": "Can change user", "content_type": 4, "codename": "change_user"}}, {"model": "auth.permission", "pk": 15, "fields": {"name": "Can delete user", "content_type": 4, "codename": "delete_user"}}, {"model": "auth.permission", "pk": 16, "fields": {"name": "Can view user", "content_type": 4, "codename": "view_user"}}, {"model": "auth.permission", "pk": 17, "fields": {"name": "Can add content type", "content_type": 5, "codename": "add_contenttype"}}, {"model": "auth.permission", "pk": 18, "fields": {"name": "Can change content type", "content_type": 5, "codename": "change_contenttype"}}, {"model": "auth.permission", "pk": 19, "fields": {"name": "Can delete content type", "content_type": 5, "codename": "delete_contenttype"}}, {"model": "auth.permission", "pk": 20, "fields": {"name": "Can view content type", "content_type": 5, "codename": "view_contenttype"}}, {"model": "auth.permission", "pk": 21, "fields": {"name": "Can add session", "content_type": 6, "codename": "add_session"}}, {"model": "auth.permission", "pk": 22, "fields": {"name": "Can change session", "content_type": 6, "codename": "change_session"}}, {"model": "auth.permission", "pk": 23, "fields": {"name": "Can delete session", "content_type": 6, "codename": "delete_session"}}, {"model": "auth.permission", "pk": 24, "fields": {"name": "Can view session", "content_type": 6, "codename": "view_session"}}, {"model": "auth.permission", "pk": 25, "fields": {"name": "Can add site", "content_type": 7, "codename": "add_site"}}, {"model": "auth.permission", "pk": 26, "fields": {"name": "Can change site", "content_type": 7, "codename": "change_site"}}, {"model": "auth.permission", "pk": 27, "fields": {"name": "Can delete site", "content_type": 7, "codename": "delete_site"}}, {"model": "auth.permission", "pk": 28, "fields": {"name": "Can view site", "content_type": 7, "codename": "view_site"}}, {"model": "auth.permission", "pk": 29, "fields": {"name": "Can add Token", "content_type": 8, "codename": "add_token"}}, {"model": "auth.permission", "pk": 30, "fields": {"name": "Can change Token", "content_type": 8, "codename": "change_token"}}, {"model": "auth.permission", "pk": 31, "fields": {"name": "Can delete Token", "content_type": 8, "codename": "delete_token"}}, {"model": "auth.permission", "pk": 32, "fields": {"name": "Can view Token", "content_type": 8, "codename": "view_token"}}, {"model": "auth.permission", "pk": 33, "fields": {"name": "Can add Token", "content_type": 9, "codename": "add_tokenproxy"}}, {"model": "auth.permission", "pk": 34, "fields": {"name": "Can change Token", "content_type": 9, "codename": "change_tokenproxy"}}, {"model": "auth.permission", "pk": 35, "fields": {"name": "Can delete Token", "content_type": 9, "codename": "delete_tokenproxy"}}, {"model": "auth.permission", "pk": 36, "fields": {"name": "Can view Token", "content_type": 9, "codename": "view_tokenproxy"}}, {"model": "auth.permission", "pk": 37, "fields": {"name": "Can add email address", "content_type": 10, "codename": "add_emailaddress"}}, {"model": "auth.permission", "pk": 38, "fields": {"name": "Can change email address", "content_type": 10, "codename": "change_emailaddress"}}, {"model": "auth.permission", "pk": 39, "fields": {"name": "Can delete email address", "content_type": 10, "codename": "delete_emailaddress"}}, {"model": "auth.permission", "pk": 40, "fields": {"name": "Can view email address", "content_type": 10, "codename": "view_emailaddress"}}, {"model": "auth.permission", "pk": 41, "fields": {"name": "Can add email confirmation", "content_type": 11, "codename": "add_emailconfirmation"}}, {"model": "auth.permission", "pk": 42, "fields": {"name": "Can change email confirmation", "content_type": 11, "codename": "change_emailconfirmation"}}, {"model": "auth.permission", "pk": 43, "fields": {"name": "Can delete email confirmation", "content_type": 11, "codename": "delete_emailconfirmation"}}, {"model": "auth.permission", "pk": 44, "fields": {"name": "Can view email confirmation", "content_type": 11, "codename": "view_emailconfirmation"}}, {"model": "auth.permission", "pk": 45, "fields": {"name": "Can add social account", "content_type": 12, "codename": "add_socialaccount"}}, {"model": "auth.permission", "pk": 46, "fields": {"name": "Can change social account", "content_type": 12, "codename": "change_socialaccount"}}, {"model": "auth.permission", "pk": 47, "fields": {"name": "Can delete social account", "content_type": 12, "codename": "delete_socialaccount"}}, {"model": "auth.permission", "pk": 48, "fields": {"name": "Can view social account", "content_type": 12, "codename": "view_socialaccount"}}, {"model": "auth.permission", "pk": 49, "fields": {"name": "Can add social application", "content_type": 13, "codename": "add_socialapp"}}, {"model": "auth.permission", "pk": 50, "fields": {"name": "Can change social application", "content_type": 13, "codename": "change_socialapp"}}, {"model": "auth.permission", "pk": 51, "fields": {"name": "Can delete social application", "content_type": 13, "codename": "delete_socialapp"}}, {"model": "auth.permission", "pk": 52, "fields": {"name": "Can view social application", "content_type": 13, "codename": "view_socialapp"}}, {"model": "auth.permission", "pk": 53, "fields": {"name": "Can add social application token", "content_type": 14, "codename": "add_socialtoken"}}, {"model": "auth.permission", "pk": 54, "fields": {"name": "Can change social application token", "content_type": 14, "codename": "change_socialtoken"}}, {"model": "auth.permission", "pk": 55, "fields": {"name": "Can delete social application token", "content_type": 14, "codename": "delete_socialtoken"}}, {"model": "auth.permission", "pk": 56, "fields": {"name": "Can view social application token", "content_type": 14, "codename": "view_socialtoken"}}, {"model": "auth.permission", "pk": 57, "fields": {"name": "Can add project", "content_type": 15, "codename": "add_project"}}, {"model": "auth.permission", "pk": 58, "fields": {"name": "Can change project", "content_type": 15, "codename": "change_project"}}, {"model": "auth.permission", "pk": 59, "fields": {"name": "Can delete project", "content_type": 15, "codename": "delete_project"}}, {"model": "auth.permission", "pk": 60, "fields": {"name": "Can view project", "content_type": 15, "codename": "view_project"}}, {"model": "auth.permission", "pk": 61, "fields": {"name": "Can add tag category", "content_type": 16, "codename": "add_tagcategory"}}, {"model": "auth.permission", "pk": 62, "fields": {"name": "Can change tag category", "content_type": 16, "codename": "change_tagcategory"}}, {"model": "auth.permission", "pk": 63, "fields": {"name": "Can delete tag category", "content_type": 16, "codename": "delete_tagcategory"}}, {"model": "auth.permission", "pk": 64, "fields": {"name": "Can view tag category", "content_type": 16, "codename": "view_tagcategory"}}, {"model": "auth.permission", "pk": 65, "fields": {"name": "Can add tag", "content_type": 17, "codename": "add_tag"}}, {"model": "auth.permission", "pk": 66, "fields": {"name": "Can change tag", "content_type": 17, "codename": "change_tag"}}, {"model": "auth.permission", "pk": 67, "fields": {"name": "Can delete tag", "content_type": 17, "codename": "delete_tag"}}, {"model": "auth.permission", "pk": 68, "fields": {"name": "Can view tag", "content_type": 17, "codename": "view_tag"}}, {"model": "auth.permission", "pk": 69, "fields": {"name": "Can add testimonial", "content_type": 18, "codename": "add_testimonial"}}, {"model": "auth.permission", "pk": 70, "fields": {"name": "Can change testimonial", "content_type": 18, "codename": "change_testimonial"}}, {"model": "auth.permission", "pk": 71, "fields": {"name": "Can delete testimonial", "content_type": 18, "codename": "delete_testimonial"}}, {"model": "auth.permission", "pk": 72, "fields": {"name": "Can view testimonial", "content_type": 18, "codename": "view_testimonial"}}, {"model": "auth.permission", "pk": 73, "fields": {"name": "Can add testimonial image", "content_type": 19, "codename": "add_testimonialimage"}}, {"model": "auth.permission", "pk": 74, "fields": {"name": "Can change testimonial image", "content_type": 19, "codename": "change_testimonialimage"}}, {"model": "auth.permission", "pk": 75, "fields": {"name": "Can delete testimonial image", "content_type": 19, "codename": "delete_testimonialimage"}}, {"model": "auth.permission", "pk": 76, "fields": {"name": "Can view testimonial image", "content_type": 19, "codename": "view_testimonialimage"}}, {"model": "auth.permission", "pk": 77, "fields": {"name": "Can add testimonial video", "content_type": 20, "codename": "add_testimonialvideo"}}, {"model": "auth.permission", "pk": 78, "fields": {"name": "Can change testimonial video", "content_type": 20, "codename": "change_testimonialvideo"}}, {"model": "auth.permission", "pk": 79, "fields": {"name": "Can delete testimonial video", "content_type": 20, "codename": "delete_testimonialvideo"}}, {"model": "auth.permission", "pk": 80, "fields": {"name": "Can view testimonial video", "content_type": 20, "codename": "view_testimonialvideo"}}, {"model": "auth.permission", "pk": 81, "fields": {"name": "Can add campaign", "content_type": 21, "codename": "add_campaign"}}, {"model": "auth.permission", "pk": 82, "fields": {"name": "Can change campaign", "content_type": 21, "codename": "change_campaign"}}, {"model": "auth.permission", "pk": 83, "fields": {"name": "Can delete campaign", "content_type": 21, "codename": "delete_campaign"}}, {"model": "auth.permission", "pk": 84, "fields": {"name": "Can view campaign", "content_type": 21, "codename": "view_campaign"}}, {"model": "auth.permission", "pk": 85, "fields": {"name": "Can add embed template", "content_type": 22, "codename": "add_embedtemplate"}}, {"model": "auth.permission", "pk": 86, "fields": {"name": "Can change embed template", "content_type": 22, "codename": "change_embedtemplate"}}, {"model": "auth.permission", "pk": 87, "fields": {"name": "Can delete embed template", "content_type": 22, "codename": "delete_embedtemplate"}}, {"model": "auth.permission", "pk": 88, "fields": {"name": "Can view embed template", "content_type": 22, "codename": "view_embedtemplate"}}, {"model": "auth.permission", "pk": 89, "fields": {"name": "Can add embed category", "content_type": 23, "codename": "add_embedcategory"}}, {"model": "auth.permission", "pk": 90, "fields": {"name": "Can change embed category", "content_type": 23, "codename": "change_embedcategory"}}, {"model": "auth.permission", "pk": 91, "fields": {"name": "Can delete embed category", "content_type": 23, "codename": "delete_embedcategory"}}, {"model": "auth.permission", "pk": 92, "fields": {"name": "Can view embed category", "content_type": 23, "codename": "view_embedcategory"}}, {"model": "auth.permission", "pk": 93, "fields": {"name": "Can add embed instance", "content_type": 24, "codename": "add_embedinstance"}}, {"model": "auth.permission", "pk": 94, "fields": {"name": "Can change embed instance", "content_type": 24, "codename": "change_embedinstance"}}, {"model": "auth.permission", "pk": 95, "fields": {"name": "Can delete embed instance", "content_type": 24, "codename": "delete_embedinstance"}}, {"model": "auth.permission", "pk": 96, "fields": {"name": "Can view embed instance", "content_type": 24, "codename": "view_embedinstance"}}, {"model": "auth.permission", "pk": 97, "fields": {"name": "Can add user details", "content_type": 25, "codename": "add_userdetails"}}, {"model": "auth.permission", "pk": 98, "fields": {"name": "Can change user details", "content_type": 25, "codename": "change_userdetails"}}, {"model": "auth.permission", "pk": 99, "fields": {"name": "Can delete user details", "content_type": 25, "codename": "delete_userdetails"}}, {"model": "auth.permission", "pk": 100, "fields": {"name": "Can view user details", "content_type": 25, "codename": "view_userdetails"}}, {"model": "auth.permission", "pk": 101, "fields": {"name": "Can add tag", "content_type": 26, "codename": "add_tag"}}, {"model": "auth.permission", "pk": 102, "fields": {"name": "Can change tag", "content_type": 26, "codename": "change_tag"}}, {"model": "auth.permission", "pk": 103, "fields": {"name": "Can delete tag", "content_type": 26, "codename": "delete_tag"}}, {"model": "auth.permission", "pk": 104, "fields": {"name": "Can view tag", "content_type": 26, "codename": "view_tag"}}, {"model": "auth.permission", "pk": 105, "fields": {"name": "Can add pricing plan", "content_type": 27, "codename": "add_pricingplan"}}, {"model": "auth.permission", "pk": 106, "fields": {"name": "Can change pricing plan", "content_type": 27, "codename": "change_pricingplan"}}, {"model": "auth.permission", "pk": 107, "fields": {"name": "Can delete pricing plan", "content_type": 27, "codename": "delete_pricingplan"}}, {"model": "auth.permission", "pk": 108, "fields": {"name": "Can view pricing plan", "content_type": 27, "codename": "view_pricingplan"}}, {"model": "auth.permission", "pk": 109, "fields": {"name": "Can add transaction", "content_type": 28, "codename": "add_transaction"}}, {"model": "auth.permission", "pk": 110, "fields": {"name": "Can change transaction", "content_type": 28, "codename": "change_transaction"}}, {"model": "auth.permission", "pk": 111, "fields": {"name": "Can delete transaction", "content_type": 28, "codename": "delete_transaction"}}, {"model": "auth.permission", "pk": 112, "fields": {"name": "Can view transaction", "content_type": 28, "codename": "view_transaction"}}, {"model": "auth.user", "pk": 1, "fields": {"password": "pbkdf2_sha256$870000$MbMXwQ14z49mp33d4WAfXP$1puasoFozshWjhg8cBsNnQE/qqpBjRUoCPWGbEP8AmM=", "last_login": "2025-01-22T11:15:50.173Z", "is_superuser": true, "username": "tarun", "first_name": "", "last_name": "", "email": "", "is_staff": true, "is_active": true, "date_joined": "2024-12-16T11:13:36.075Z", "groups": [], "user_permissions": []}}, {"model": "auth.user", "pk": 2, "fields": {"password": "pbkdf2_sha256$870000$d4aoFbwqMFWjOcmmDy1rVz$4CCCcImtl2+el+puZmPEfTh07ZhsqlBWfH40Vi1eLWU=", "last_login": null, "is_superuser": false, "username": "tarunkota", "first_name": "", "last_name": "", "email": "", "is_staff": false, "is_active": true, "date_joined": "2024-12-16T11:25:47.711Z", "groups": [], "user_permissions": []}}, {"model": "auth.user", "pk": 13, "fields": {"password": "pbkdf2_sha256$870000$SCqj4jntGYCgYwmZest4C9$93REDcojzzyNuOMpAJePE9t/uBgaC+QO3KmRg7YdaBM=", "last_login": null, "is_superuser": false, "username": "tarunkota4@gmail.com", "first_name": "Tarun", "last_name": "Kota", "email": "tarunkota4@gmail.com", "is_staff": false, "is_active": true, "date_joined": "2025-01-20T09:03:25.325Z", "groups": [], "user_permissions": []}}, {"model": "auth.user", "pk": 14, "fields": {"password": "pbkdf2_sha256$870000$oqIJRv7XxE2BrGjxIBL926$ZaYQ8/1uGPxpHhBkTBHsGnDyGEdltO2Lz4IreHpqAF8=", "last_login": null, "is_superuser": false, "username": "tarunkota44@gmail.com", "first_name": "Tarun", "last_name": "Kota", "email": "tarunkota44@gmail.com", "is_staff": false, "is_active": true, "date_joined": "2025-01-22T11:05:28.189Z", "groups": [], "user_permissions": []}}, {"model": "contenttypes.contenttype", "pk": 1, "fields": {"app_label": "admin", "model": "logentry"}}, {"model": "contenttypes.contenttype", "pk": 2, "fields": {"app_label": "auth", "model": "permission"}}, {"model": "contenttypes.contenttype", "pk": 3, "fields": {"app_label": "auth", "model": "group"}}, {"model": "contenttypes.contenttype", "pk": 4, "fields": {"app_label": "auth", "model": "user"}}, {"model": "contenttypes.contenttype", "pk": 5, "fields": {"app_label": "contenttypes", "model": "contenttype"}}, {"model": "contenttypes.contenttype", "pk": 6, "fields": {"app_label": "sessions", "model": "session"}}, {"model": "contenttypes.contenttype", "pk": 7, "fields": {"app_label": "sites", "model": "site"}}, {"model": "contenttypes.contenttype", "pk": 8, "fields": {"app_label": "authtoken", "model": "token"}}, {"model": "contenttypes.contenttype", "pk": 9, "fields": {"app_label": "authtoken", "model": "tokenproxy"}}, {"model": "contenttypes.contenttype", "pk": 10, "fields": {"app_label": "account", "model": "emailaddress"}}, {"model": "contenttypes.contenttype", "pk": 11, "fields": {"app_label": "account", "model": "emailconfirmation"}}, {"model": "contenttypes.contenttype", "pk": 12, "fields": {"app_label": "socialaccount", "model": "socialaccount"}}, {"model": "contenttypes.contenttype", "pk": 13, "fields": {"app_label": "socialaccount", "model": "socialapp"}}, {"model": "contenttypes.contenttype", "pk": 14, "fields": {"app_label": "socialaccount", "model": "socialtoken"}}, {"model": "contenttypes.contenttype", "pk": 15, "fields": {"app_label": "projects", "model": "project"}}, {"model": "contenttypes.contenttype", "pk": 16, "fields": {"app_label": "projects", "model": "tagcategory"}}, {"model": "contenttypes.contenttype", "pk": 17, "fields": {"app_label": "projects", "model": "tag"}}, {"model": "contenttypes.contenttype", "pk": 18, "fields": {"app_label": "testimonials", "model": "testimonial"}}, {"model": "contenttypes.contenttype", "pk": 19, "fields": {"app_label": "testimonials", "model": "testimonialimage"}}, {"model": "contenttypes.contenttype", "pk": 20, "fields": {"app_label": "testimonials", "model": "testimonialvideo"}}, {"model": "contenttypes.contenttype", "pk": 21, "fields": {"app_label": "campaigns", "model": "campaign"}}, {"model": "contenttypes.contenttype", "pk": 22, "fields": {"app_label": "embeds", "model": "embedtemplate"}}, {"model": "contenttypes.contenttype", "pk": 23, "fields": {"app_label": "embeds", "model": "embedcategory"}}, {"model": "contenttypes.contenttype", "pk": 24, "fields": {"app_label": "embeds", "model": "embedinstance"}}, {"model": "contenttypes.contenttype", "pk": 25, "fields": {"app_label": "accounts", "model": "userdetails"}}, {"model": "contenttypes.contenttype", "pk": 26, "fields": {"app_label": "testimonials", "model": "tag"}}, {"model": "contenttypes.contenttype", "pk": 27, "fields": {"app_label": "payments", "model": "pricingplan"}}, {"model": "contenttypes.contenttype", "pk": 28, "fields": {"app_label": "payments", "model": "transaction"}}, {"model": "sessions.session", "pk": "0l1xz870qhi2fkocywlfrwlyitxrl9w1", "fields": {"session_data": ".eJxVjMsOwiAQRf-FtSE8B3Tpvt9AhgGkaiAp7cr479qkC93ec859sYDbWsM28hLmxC5MstPvFpEeue0g3bHdOqfe1mWOfFf4QQefesrP6-H-HVQc9VsbEKC8k1F6j-C0yVaUcylgnQEvjAbvKVupi6JIJUVJpEABINposmbvD7JlN0w:1tZnmk:0du4b3jHZ6kvkDEb_XE_gJrTeu0KpUIeNJPDesDhBm4", "expire_date": "2025-02-03T09:09:30.517Z"}}, {"model": "sessions.session", "pk": "2341ho3v1ghy7v2vjug7q5f9smljtv3a", "fields": {"session_data": ".eJxVjMsOwiAURP-FtWl4XtCd_RFyuYVAbGgisDL-u63pQpdzZua8mMfRsx8tPn1Z2I0JdvllAekR61Hguh54QqJt1D59N2fdpvueYu2FsJetzufrT5Wx5d2jgYN0VgThHIJVOhqerimBsRoc1wqco2iESpICpSUIIgkSANEEHRV7fwCKYTvA:1tN9hP:CSTocqJi4G5TkN4zAfPUh6GThYhc545B_9lHbhVKRTg", "expire_date": "2024-12-30T11:55:43.616Z"}}, {"model": "sessions.session", "pk": "3oyevwhy6qffg9hmph7dmaxmlbnjeh0j", "fields": {"session_data": ".eJxVjMsOwiAURP-FtSE8ysud_gi5vVxSYkMTgZXx321NF7qcMzPnxSKMvsTR6BlLYlcmJbv8whnwQfVoYF0PzAFxG7Xz7-asG7_tiWovCL1s9X6-_lQLtGX3OGmUowTKB0-QIGRrk_LkhJg0zlpRyFqg8tqgzWgmQQhBhElqk7K37P0B3qQ8VQ:1tVRXn:j0vAbPWhq_KwHMcWT0HHGIiduhqQJ3Ve9UNuoJdW4lw", "expire_date": "2025-01-22T08:36:03.055Z"}}, {"model": "sessions.session", "pk": "6i23qe7g9j80c2tx0xbqt8rrqrhvb1sc", "fields": {"session_data": ".eJxVjMsOwiAURP-FtSE8ysud_gi5vVxSYkMTgZXx321NF7qcMzPnxSKMvsTR6BlLYlcmJbv8whnwQfVoYF0PzAFxG7Xz7-asG7_tiWovCL1s9X6-_lQLtGX3OGmUowTKB0-QIGRrk_LkhJg0zlpRyFqg8tqgzWgmQQhBhElqk7K37P0B3qQ8VQ:1tTtSi:YFawaNNibi70Udd4zT3_CX4WFhN1oWdDEeR4DmU05dg", "expire_date": "2025-01-18T02:00:24.293Z"}}, {"model": "sessions.session", "pk": "6jl4uyy0z2mte8m7fz8jyxj3a3mzi0yo", "fields": {"session_data": ".eJxVjM0OgjAQhN-lZ0Nqt394kxdplt1tIJKSSHsyvrtgOOhxvpn5Xiphq1NqmzzTzOqmQF1-2Yj0kHIUuCwH7pBobaV2381Zb919T1LqTFjntQzn60814TbtHmKH3lsnWgBzBKtDAB_NmHttjIfsWIMYE3KOnhz3TthegRltYMes3h-uNjxT:1tTsxG:b82DxmX0qkShNmIM_KPNHnnZi11bijIVm_OHybF6YoI", "expire_date": "2025-01-18T01:27:54.324Z"}}, {"model": "sessions.session", "pk": "6vtjn0gwqsm1n0xwfvactjs7r3y2hbt8", "fields": {"session_data": ".eJxVjMsOwiAURP-FtSE8ysud_gi5vVxSYkMTgZXx321NF7qcMzPnxSKMvsTR6BlLYlcmJbv8whnwQfVoYF0PzAFxG7Xz7-asG7_tiWovCL1s9X6-_lQLtGX3OGmUowTKB0-QIGRrk_LkhJg0zlpRyFqg8tqgzWgmQQhBhElqk7K37P0B3qQ8VQ:1tUUie:sg2DylrfckmU8bXTaRSJ-khGoZeJml-x1BeUlUQDjB0", "expire_date": "2025-01-19T17:47:20.678Z"}}, {"model": "sessions.session", "pk": "c04f5wrdr9aitr2pzjoqhn8bem6rjqel", "fields": {"session_data": ".eJxVjMsOwiAURP-FtSE8ysud_gi5vVxSYkMTgZXx321NF7qcMzPnxSKMvsTR6BlLYlcmJbv8whnwQfVoYF0PzAFxG7Xz7-asG7_tiWovCL1s9X6-_lQLtGX3OGmUowTKB0-QIGRrk_LkhJg0zlpRyFqg8tqgzWgmQQhBhElqk7K37P0B3qQ8VQ:1tVUI7:Is1AewoCGCEZJ34h4ks0J6MgrjZF0-q0z-fzOyLePGY", "expire_date": "2025-01-22T11:32:03.091Z"}}, {"model": "sessions.session", "pk": "f1ixzxztxcfbzmyymzbln9icllzlfq3k", "fields": {"session_data": ".eJxVjMsOwiAURP-FtSE8ysud_gi5vVxSYkMTgZXx321NF7qcMzPnxSKMvsTR6BlLYlcmJbv8whnwQfVoYF0PzAFxG7Xz7-asG7_tiWovCL1s9X6-_lQLtGX3OGmUowTKB0-QIGRrk_LkhJg0zlpRyFqg8tqgzWgmQQhBhElqk7K37P0B3qQ8VQ:1tTuoH:yRiS9PZesVAI4z5wKgTc0ICjHGwyNviSQ2CoWkbq6vs", "expire_date": "2025-01-18T03:26:45.663Z"}}, {"model": "sessions.session", "pk": "fghb0werid6al78jo4txw6xh59s3dgq1", "fields": {"session_data": ".eJxVjMsOwiAURP-FtSE8ysud_gi5vVxSYkMTgZXx321NF7qcMzPnxSKMvsTR6BlLYlcmJbv8whnwQfVoYF0PzAFxG7Xz7-asG7_tiWovCL1s9X6-_lQLtGX3OGmUowTKB0-QIGRrk_LkhJg0zlpRyFqg8tqgzWgmQQhBhElqk7K37P0B3qQ8VQ:1tVURp:XV7JtZ0k5afbgeTk-qhBWzJk4ZfjVzJ19hUS9a5Pn9E", "expire_date": "2025-01-22T11:42:05.313Z"}}, {"model": "sessions.session", "pk": "hksnim4ou3pgq8yipe2etfmiufze6vc7", "fields": {"session_data": ".eJxVjMsOwiAQRf-FtSE8B3Tpvt9AhgGkaiAp7cr479qkC93ec859sYDbWsM28hLmxC5MstPvFpEeue0g3bHdOqfe1mWOfFf4QQefesrP6-H-HVQc9VsbEKC8k1F6j-C0yVaUcylgnQEvjAbvKVupi6JIJUVJpEABINposmbvD7JlN0w:1tTbEi:QsVHxejDjwBakv9hApEw3ZFURCm96a6qPN5tCESBaT8", "expire_date": "2025-01-17T06:32:44.108Z"}}, {"model": "sessions.session", "pk": "iffqwhcbnyhvwuh1tydq8vlzncv7dc3e", "fields": {"session_data": ".eJxVjM0OgjAQhN-lZ0Nqt394kxdplt1tIJKSSHsyvrtgOOhxvpn5Xiphq1NqmzzTzOqmQF1-2Yj0kHIUuCwH7pBobaV2381Zb919T1LqTFjntQzn60814TbtHmKH3lsnWgBzBKtDAB_NmHttjIfsWIMYE3KOnhz3TthegRltYMes3h-uNjxT:1tTt2R:rIhcD-YY78hxFLZNCg2Lrfv_vHqqwkaFIJSjOmzQwhU", "expire_date": "2025-01-18T01:33:15.912Z"}}, {"model": "sessions.session", "pk": "qv3x5hjc00q8e4nhxigi53jaom5l1ctf", "fields": {"session_data": ".eJxVjMsOwiAURP-FtSE8ysud_gi5vVxSYkMTgZXx321NF7qcMzPnxSKMvsTR6BlLYlcmJbv8whnwQfVoYF0PzAFxG7Xz7-asG7_tiWovCL1s9X6-_lQLtGX3OGmUowTKB0-QIGRrk_LkhJg0zlpRyFqg8tqgzWgmQQhBhElqk7K37P0B3qQ8VQ:1tTtRX:OQ3YYE426i3N0iRlbtY6KQLex9wo0i39CzaExPz-txE", "expire_date": "2025-01-18T01:59:11.431Z"}}, {"model": "sessions.session", "pk": "uo9w4qxbhmawuo9z2r1f7f0c79sdbk3t", "fields": {"session_data": ".eJxVjMsOwiAURP-FtSE8ysud_gi5vVxSYkMTgZXx321NF7qcMzPnxSKMvsTR6BlLYlcmJbv8whnwQfVoYF0PzAFxG7Xz7-asG7_tiWovCL1s9X6-_lQLtGX3OGmUowTKB0-QIGRrk_LkhJg0zlpRyFqg8tqgzWgmQQhBhElqk7K37P0B3qQ8VQ:1tUUd6:2BPNyz7iqhUbVlHf9mq_7H3LnNMWDlewA9iF-8fFhGo", "expire_date": "2025-01-19T17:41:36.763Z"}}, {"model": "sessions.session", "pk": "vvf4izh9y7g5u91lk9zvnklwia4e2zkk", "fields": {"session_data": ".eJxVjM0OgjAQhN9lz4bU_gI3fZFm6W5DYy2JtF6M7y4YLhznm5nvAxjC0kr1b36lmJg8PzFlGEvL-QIeW519W_nlE8EICk5swvDgsheY8467Q9f9N0e9drctcakpYE1LuR-vk2rGdd48gQxaqw0LVhh7pYVzyvZyioOQ0qpoSCiW0sXY22BoMEz6qohQOzJE8P0BdJxHuQ:1tTspw:UTjXHLlUzwit6k04_pCUQ-KC-U9q80qWHP18NPdxRDM", "expire_date": "2025-01-18T01:20:20.538Z"}}, {"model": "sessions.session", "pk": "yt26x8v7g9fszsus8vr3oc3o1wbqprcb", "fields": {"session_data": ".eJxVjMsOwiAQRf-FtSE8B3Tpvt9AhgGkaiAp7cr479qkC93ec859sYDbWsM28hLmxC5MstPvFpEeue0g3bHdOqfe1mWOfFf4QQefesrP6-H-HVQc9VsbEKC8k1F6j-C0yVaUcylgnQEvjAbvKVupi6JIJUVJpEABINposmbvD7JlN0w:1taYih:5plUPm0Bs5lxFbUeKrYmq45Pl6zPKBw3r5Yp5Tm-rCU", "expire_date": "2025-02-05T11:16:27.673Z"}}, {"model": "sites.site", "pk": 1, "fields": {"domain": "99testimonials.com", "name": "99testimonials"}}, {"model": "authtoken.token", "pk": "1b4e2660203cc689b22b35cfb34ce42db96c3048", "fields": {"user": 14, "created": "2025-01-22T11:05:28.697Z"}}, {"model": "authtoken.token", "pk": "1e4241cee28d9db352cdc7cbdf8d03e5da06ef7c", "fields": {"user": 13, "created": "2025-01-20T09:03:25.643Z"}}, {"model": "authtoken.token", "pk": "97810155601103ccc29cb7f3f2dd41c070700027", "fields": {"user": 1, "created": "2024-12-16T11:26:56.658Z"}}, {"model": "account.emailaddress", "pk": 1, "fields": {"user": 1, "email": "tarunkota4@gmail.com", "verified": true, "primary": true}}, {"model": "projects.project", "pk": 4, "fields": {"owner": 13, "created": "2025-01-20T11:42:20.875Z", "modified": "2025-01-20T11:42:20.875Z", "name": "Demo Project 1", "description": "development", "collaborators": []}}, {"model": "projects.project", "pk": 5, "fields": {"owner": 13, "created": "2025-01-21T14:41:34.683Z", "modified": "2025-01-21T14:41:34.683Z", "name": "demo project 2", "description": "sup", "collaborators": []}}, {"model": "testimonials.tag", "pk": 4, "fields": {"name": "tag1", "project": 4}}, {"model": "testimonials.tag", "pk": 5, "fields": {"name": "tag2", "project": 4}}, {"model": "testimonials.tag", "pk": 6, "fields": {"name": "demo", "project": 4}}, {"model": "testimonials.tag", "pk": 7, "fields": {"name": "Tag1", "project": 4}}, {"model": "testimonials.testimonial", "pk": 47, "fields": {"name": "John Doe", "tagline": "", "avatar": "", "email": "", "company": "", "team": "", "company_logo": "", "rating": 5, "title": "", "testimonial": "Dummy testimonial test #2", "url": "", "date": "2025-01-20", "created": "2025-01-20T11:51:38.739Z", "modified": "2025-01-20T11:51:38.739Z", "project": 4, "approved": true, "tags": []}}, {"model": "testimonials.testimonial", "pk": 48, "fields": {"name": "John Doe", "tagline": "", "avatar": "", "email": "", "company": "", "team": "", "company_logo": "", "rating": 5, "title": "", "testimonial": "Dummy testimonial test #3", "url": "", "date": "2025-01-20", "created": "2025-01-20T11:52:25.208Z", "modified": "2025-01-20T11:52:25.208Z", "project": 4, "approved": true, "tags": []}}, {"model": "testimonials.testimonial", "pk": 49, "fields": {"name": "John Doe", "tagline": "", "avatar": "", "email": "", "company": "", "team": "", "company_logo": "", "rating": 4, "title": "", "testimonial": "Dummy testimonial test #4", "url": "", "date": "2025-01-20", "created": "2025-01-20T11:54:23.934Z", "modified": "2025-01-20T11:54:23.934Z", "project": 4, "approved": true, "tags": []}}, {"model": "testimonials.testimonial", "pk": 50, "fields": {"name": "John Doe", "tagline": "", "avatar": "", "email": "johndoe@gmail.com", "company": "", "team": "", "company_logo": "", "rating": 5, "title": "", "testimonial": "hello", "url": "", "date": "2025-01-21", "created": "2025-01-21T03:56:18.021Z", "modified": "2025-01-21T03:56:18.021Z", "project": 4, "approved": false, "tags": []}}, {"model": "testimonials.testimonial", "pk": 51, "fields": {"name": "John Doe", "tagline": "CEO", "avatar": "", "email": "john@example.com", "company": "Example Inc.", "team": "Team A", "company_logo": "", "rating": 5, "title": "Great Service", "testimonial": "This is a testimonial.", "url": "http://example.com", "date": "2025-01-21", "created": "2025-01-21T04:14:57.549Z", "modified": "2025-01-21T04:14:57.549Z", "project": 4, "approved": true, "tags": []}}, {"model": "testimonials.testimonial", "pk": 52, "fields": {"name": "John Doe", "tagline": "CEO", "avatar": "", "email": "john@example.com", "company": "Example Inc.", "team": "Team A", "company_logo": "", "rating": 5, "title": "Great Service", "testimonial": "This is a testimonial.", "url": "http://example.com", "date": "2025-01-21", "created": "2025-01-21T04:15:20.706Z", "modified": "2025-01-21T04:15:20.706Z", "project": 4, "approved": true, "tags": []}}, {"model": "testimonials.testimonial", "pk": 53, "fields": {"name": "John Doe", "tagline": "CEO", "avatar": "", "email": "john@example.com", "company": "Example Inc.", "team": "Team A", "company_logo": "", "rating": 5, "title": "Great Service", "testimonial": "This is a testimonial.", "url": "http://example.com", "date": "2025-01-21", "created": "2025-01-21T04:16:07.291Z", "modified": "2025-01-21T04:16:07.291Z", "project": 4, "approved": true, "tags": []}}, {"model": "testimonials.testimonial", "pk": 54, "fields": {"name": "John Doe", "tagline": "CEO", "avatar": "avatars/6858485.png", "email": "john@example.com", "company": "Example Inc.", "team": "Team A", "company_logo": "", "rating": 5, "title": "Great Service", "testimonial": "This is a testimonial.", "url": "http://example.com", "date": "2025-01-21", "created": "2025-01-21T04:18:40.207Z", "modified": "2025-01-21T04:18:40.207Z", "project": 4, "approved": true, "tags": []}}, {"model": "testimonials.testimonial", "pk": 55, "fields": {"name": "John Doe", "tagline": "CEO", "avatar": "avatars/6858485_0ahdDO7.png", "email": "john@example.com", "company": "Example Inc.", "team": "Team A", "company_logo": "", "rating": 5, "title": "Great Service", "testimonial": "This is a testimonial.", "url": "http://example.com", "date": "2025-01-21", "created": "2025-01-21T04:20:28.117Z", "modified": "2025-01-21T04:20:28.117Z", "project": 4, "approved": true, "tags": []}}, {"model": "testimonials.testimonial", "pk": 56, "fields": {"name": "Virat Kohli", "tagline": null, "avatar": "", "email": "", "company": null, "team": null, "company_logo": "", "rating": 0, "title": null, "testimonial": "My favourite Ocean Fruit Water now comes with exciting giveaways. Drink Ocean Fruit Water, scan the QR code and see what cool stuff you get. \n.\nAvailable at your nearest stores, leading e-commerce platforms, and on www.oceanbeverages.in.  @oceanbeverages \n#Win #Ocean #OceanBeverages #OceanFruitWater #Hydration #SupremeHydration #OceanDrinks #FruitWater #NaturalFlavours #ad", "url": "https://www.instagram.com/p/DFC_7kANh2C/", "date": "2025-01-21", "created": "2025-01-21T04:21:54.648Z", "modified": "2025-01-21T04:21:54.648Z", "project": 4, "approved": true, "tags": []}}, {"model": "testimonials.testimonial", "pk": 57, "fields": {"name": "Tesla Owners Silicon Valley", "tagline": null, "avatar": "", "email": "", "company": null, "team": null, "company_logo": "", "rating": 0, "title": null, "testimonial": "President Trumps inauguration https://t.co/WUtPkKBGg5", "url": "https://x.com/teslaownersSV/status/1881369100552912987", "date": "2025-01-21", "created": "2025-01-21T04:22:49.402Z", "modified": "2025-01-21T04:22:49.402Z", "project": 4, "approved": true, "tags": []}}, {"model": "testimonials.testimonial", "pk": 58, "fields": {"name": "Nike", "tagline": null, "avatar": "", "email": "", "company": null, "team": null, "company_logo": "", "rating": 0, "title": null, "testimonial": "In their golden era.\n\n@nielsvink sweeps wheelchair tennis quad across doubles and singles, @kiara.rodriguezec\nclaims victory in the long jump, and @jetze_plat dominates the road race....", "url": "https://www.facebook.com/nike/posts/1096411668520208?ref=embed_post", "date": "2025-01-21", "created": "2025-01-21T04:23:24.378Z", "modified": "2025-01-21T04:23:24.378Z", "project": 4, "approved": true, "tags": []}}, {"model": "testimonials.testimonial", "pk": 59, "fields": {"name": "Nike", "tagline": null, "avatar": "", "email": "", "company": null, "team": null, "company_logo": "", "rating": 0, "title": null, "testimonial": "In their golden era.\n\n@nielsvink sweeps wheelchair tennis quad across doubles and singles, @kiara.rodriguezec\nclaims victory in the long jump, and @jetze_plat dominates the road race....", "url": "https://www.facebook.com/nike/posts/1096411668520208?ref=embed_post", "date": "2025-01-21", "created": "2025-01-21T04:28:07.406Z", "modified": "2025-01-21T04:28:07.406Z", "project": 4, "approved": true, "tags": []}}, {"model": "testimonials.testimonial", "pk": 60, "fields": {"name": "John Doe", "tagline": "CEO", "avatar": "avatars/6858485_tME3kEx.png", "email": "john@example.com", "company": "Example Inc.", "team": "Team A", "company_logo": "", "rating": 5, "title": "Great Service", "testimonial": "This is a testimonial.", "url": "http://example.com", "date": "2025-01-21", "created": "2025-01-21T04:33:27.848Z", "modified": "2025-01-21T04:33:27.848Z", "project": 4, "approved": true, "tags": []}}, {"model": "testimonials.testimonial", "pk": 61, "fields": {"name": "Nike", "tagline": null, "avatar": "", "email": "", "company": null, "team": null, "company_logo": "", "rating": 0, "title": null, "testimonial": "In their golden era.\n\n@nielsvink sweeps wheelchair tennis quad across doubles and singles, @kiara.rodriguezec\nclaims victory in the long jump, and @jetze_plat dominates the road race....", "url": "https://www.facebook.com/nike/posts/1096411668520208?ref=embed_post", "date": "2025-01-21", "created": "2025-01-21T04:35:19.042Z", "modified": "2025-01-21T04:35:19.042Z", "project": 4, "approved": true, "tags": []}}, {"model": "testimonials.testimonial", "pk": 62, "fields": {"name": "Virat Kohli", "tagline": null, "avatar": "", "email": "", "company": null, "team": null, "company_logo": "", "rating": 0, "title": null, "testimonial": "Your phones and laptops have super chargers these days. But heres the best way to get super charged up yourself. Ocean Energy Drink is a burst of plant-based energy to help you zip through your day. Grab an infinitely recyclable Ocean Energy Drink can by Ball and power up with plant-based energy! \nNow at 50% off for a limited timeonly at www.oceanbeverages.in. Dont miss out! \n@oceanbeverages @ballcorporation\n.\n.\n#RecyclesForever #SustainableLiving #oceanbeverages #EnergyDrink #plantbased #sustainable", "url": "https://www.instagram.com/p/DEuUHqrNfkD/", "date": "2025-01-21", "created": "2025-01-21T04:36:04.543Z", "modified": "2025-01-21T04:36:04.543Z", "project": 4, "approved": true, "tags": []}}, {"model": "testimonials.testimonial", "pk": 63, "fields": {"name": "Adrian Dittmann", "tagline": null, "avatar": "", "email": "", "company": null, "team": null, "company_logo": "", "rating": 0, "title": null, "testimonial": "Join The Conversation", "url": "https://x.com/AdrianDittmann/status/1881507557031997589", "date": "2025-01-21", "created": "2025-01-21T04:36:44.528Z", "modified": "2025-01-21T04:36:44.528Z", "project": 4, "approved": true, "tags": []}}, {"model": "testimonials.testimonial", "pk": 64, "fields": {"name": "pebbles", "tagline": null, "avatar": "", "email": "", "company": null, "team": null, "company_logo": "", "rating": 0, "title": null, "testimonial": "@AdrianDittmann Wait! Watching Trump sign executive orders be there soon ", "url": "https://x.com/jbamban/status/1881509182886576314", "date": "2025-01-21", "created": "2025-01-21T04:37:23.440Z", "modified": "2025-01-21T04:37:23.440Z", "project": 4, "approved": true, "tags": []}}, {"model": "testimonials.testimonial", "pk": 65, "fields": {"name": "Unknown", "tagline": null, "avatar": "", "email": "", "company": null, "team": null, "company_logo": "", "rating": 0, "title": null, "testimonial": "My CA stopped answering my calls after I told him this plan.\n\nAt AutoFlow, we believe in celebrating milestones in a big way. That's why, for our Product Hunt launch of AutoFlow Studio, I'm giving away a MacBook (from my personal savings ) to one of our amazing team members for every 300 upvotes!\n\nBut here's the real question: How many MacBooks will my savings account survive? \n\nThis is not just about a product launch; it's about recognizing the hard work and dedication of our incredible team.\n\nCheck us out through the link in the comments and support us on this exciting journey.\n\nHimanshu Kukreja Dhruv Panchal Arindam Baidya Bhavish Mayyar Mohammed Rashiq H\n#BuildingInPublic #autoflow #qa #producthunt #testautomation #testing", "url": "https://www.linkedin.com/posts/sahil-dev_buildinginpublic-autoflow-qa-activity-7265320702449197057-D9eU/", "date": "2025-01-21", "created": "2025-01-21T04:38:06.085Z", "modified": "2025-01-21T04:38:06.085Z", "project": 4, "approved": true, "tags": []}}, {"model": "testimonials.testimonial", "pk": 66, "fields": {"name": "skipz3r", "tagline": null, "avatar": "", "email": "", "company": null, "team": null, "company_logo": "", "rating": 0, "title": null, "testimonial": "I was curious because I noticed the Elon apologists are on other social media sites calling it a \"Roman saulte\", so went to his fan base to see what they were saying. Well they aren't saying anything at all.", "url": "https://www.reddit.com/r/EnoughMuskSpam/comments/1i67b6x/lets_not_talk_about_it/", "date": "2025-01-21", "created": "2025-01-21T04:39:24.179Z", "modified": "2025-01-21T04:39:24.179Z", "project": 4, "approved": true, "tags": []}}, {"model": "testimonials.testimonial", "pk": 67, "fields": {"name": "John Doe", "tagline": "", "avatar": "", "email": "", "company": "", "team": "", "company_logo": "", "rating": 4, "title": "", "testimonial": "testing tags", "url": "", "date": "2025-01-21", "created": "2025-01-21T05:22:07.948Z", "modified": "2025-01-21T05:22:07.948Z", "project": 4, "approved": true, "tags": []}}, {"model": "testimonials.testimonial", "pk": 87, "fields": {"name": "FAEA", "tagline": "", "avatar": "", "email": "", "company": "EAFE", "team": "", "company_logo": "", "rating": 4, "title": "", "testimonial": "hello", "url": "", "date": "2025-01-21", "created": "2025-01-21T05:45:16.824Z", "modified": "2025-01-21T05:45:16.824Z", "project": 4, "approved": false, "tags": [4]}}, {"model": "testimonials.testimonial", "pk": 88, "fields": {"name": "John Doe", "tagline": "CEO", "avatar": "avatars/6858485_EXfPgg7.png", "email": "john@example.com", "company": "Example Inc.", "team": "Team A", "company_logo": "", "rating": 5, "title": "Great Service", "testimonial": "This is a testimonial.", "url": "http://example.com", "date": "2025-01-21", "created": "2025-01-21T05:47:44.808Z", "modified": "2025-01-21T05:47:44.808Z", "project": 4, "approved": true, "tags": []}}, {"model": "testimonials.testimonial", "pk": 89, "fields": {"name": "tagger", "tagline": "CEO", "avatar": "avatars/6858485_pD28itN.png", "email": "john@example.com", "company": "Example Inc.", "team": "Team A", "company_logo": "", "rating": 5, "title": "Great Service", "testimonial": "This is a testimonial.", "url": "http://example.com", "date": "2025-01-21", "created": "2025-01-21T05:48:37.788Z", "modified": "2025-01-21T05:48:37.788Z", "project": 4, "approved": true, "tags": []}}, {"model": "testimonials.testimonial", "pk": 90, "fields": {"name": "tagger", "tagline": "CEO", "avatar": "avatars/6858485_GIb7zzL.png", "email": "john@example.com", "company": "Example Inc.", "team": "Team A", "company_logo": "", "rating": 5, "title": "Great Service", "testimonial": "This is a testimonial.", "url": "http://example.com", "date": "2025-01-21", "created": "2025-01-21T05:51:11.585Z", "modified": "2025-01-21T05:51:11.585Z", "project": 4, "approved": true, "tags": []}}, {"model": "testimonials.testimonial", "pk": 91, "fields": {"name": "tagger", "tagline": "CEO", "avatar": "avatars/6858485_19Fw6gg.png", "email": "john@example.com", "company": "Example Inc.", "team": "Team A", "company_logo": "", "rating": 5, "title": "Great Service", "testimonial": "This is a testimonial.", "url": "http://example.com", "date": "2025-01-21", "created": "2025-01-21T05:51:49.655Z", "modified": "2025-01-21T05:51:49.655Z", "project": 4, "approved": true, "tags": []}}, {"model": "testimonials.testimonial", "pk": 92, "fields": {"name": "tagger", "tagline": "CEO", "avatar": "avatars/6858485_eforiaJ.png", "email": "john@example.com", "company": "Example Inc.", "team": "Team A", "company_logo": "", "rating": 5, "title": "Great Service", "testimonial": "This is a testimonial.", "url": "http://example.com", "date": "2025-01-21", "created": "2025-01-21T05:53:00.140Z", "modified": "2025-01-21T05:53:00.141Z", "project": 4, "approved": true, "tags": [4, 6]}}, {"model": "testimonials.testimonial", "pk": 93, "fields": {"name": "tagger", "tagline": "CE", "avatar": "avatars/6858485_jrHXvOb.png", "email": "john@example.com", "company": "Example Inc.", "team": "Team A", "company_logo": "", "rating": 5, "title": "Great Service", "testimonial": "This is a testimonial.", "url": "http://example.com", "date": "2025-01-21", "created": "2025-01-21T05:53:38.323Z", "modified": "2025-01-21T14:12:42.939Z", "project": 4, "approved": true, "tags": []}}, {"model": "testimonials.testimonial", "pk": 94, "fields": {"name": "John doe123", "tagline": "", "avatar": "avatars/Screenshot_2025-01-04_at_07-57-32_ChatGPT.png", "email": "johndoe@gmail.com", "company": "", "team": "", "company_logo": "", "rating": 5, "title": "", "testimonial": "I was curious because I noticed the Elon apologists are on other social media sites calling it a \"Roman saulte\", so went to his fan base to see what they were saying. Well they aren't saying anything at all.", "url": "", "date": "2025-01-21", "created": "2025-01-21T06:56:50.434Z", "modified": "2025-01-21T14:21:32.882Z", "project": 4, "approved": true, "tags": []}}, {"model": "testimonials.testimonial", "pk": 95, "fields": {"name": "John Doey", "tagline": "", "avatar": "avatars/account_Vpx07LI_ksnB5ET.png", "email": "johndoe@gmail.com", "company": "", "team": "", "company_logo": "", "rating": 5, "title": "", "testimonial": "I was curious because I noticed the Elon apologists are on other social media sites calling it a \"Roman saulte\", so went to his fan base to see what they were saying. Well they aren't saying anything at all.", "url": "", "date": "2025-01-21", "created": "2025-01-21T06:58:12.494Z", "modified": "2025-01-21T14:19:17.840Z", "project": 4, "approved": false, "tags": []}}, {"model": "testimonials.testimonial", "pk": 96, "fields": {"name": "Unknown", "tagline": null, "avatar": "", "email": "", "company": null, "team": null, "company_logo": "", "rating": 0, "title": null, "testimonial": "My CA stopped answering my calls after I told him this plan.\n\nAt AutoFlow, we believe in celebrating milestones in a big way. That's why, for our Product Hunt launch of AutoFlow Studio, I'm giving away a MacBook (from my personal savings ) to one of our amazing team members for every 300 upvotes!\n\nBut here's the real question: How many MacBooks will my savings account survive? \n\nThis is not just about a product launch; it's about recognizing the hard work and dedication of our incredible team.\n\nCheck us out through the link in the comments and support us on this exciting journey.\n\nHimanshu Kukreja Dhruv Panchal Arindam Baidya Bhavish Mayyar Mohammed Rashiq H\n#BuildingInPublic #autoflow #qa #producthunt #testautomation #testing", "url": "https://www.linkedin.com/posts/sahil-dev_buildinginpublic-autoflow-qa-activity-7265320702449197057-D9eU/", "date": "2025-01-21", "created": "2025-01-21T14:32:34.704Z", "modified": "2025-01-21T14:32:34.704Z", "project": 4, "approved": true, "tags": []}}, {"model": "testimonials.testimonial", "pk": 97, "fields": {"name": "Unknown", "tagline": null, "avatar": "", "email": "", "company": null, "team": null, "company_logo": "", "rating": 0, "title": null, "testimonial": "My CA stopped answering my calls after I told him this plan.\n\nAt AutoFlow, we believe in celebrating milestones in a big way. That's why, for our Product Hunt launch of AutoFlow Studio, I'm giving away a MacBook (from my personal savings ) to one of our amazing team members for every 300 upvotes!\n\nBut here's the real question: How many MacBooks will my savings account survive? \n\nThis is not just about a product launch; it's about recognizing the hard work and dedication of our incredible team.\n\nCheck us out through the link in the comments and support us on this exciting journey.\n\nHimanshu Kukreja Dhruv Panchal Arindam Baidya Bhavish Mayyar Mohammed Rashiq H\n#BuildingInPublic #autoflow #qa #producthunt #testautomation #testing", "url": "https://www.linkedin.com/posts/sahil-dev_buildinginpublic-autoflow-qa-activity-7265320702449197057-D9eU/", "date": "2025-01-21", "created": "2025-01-21T14:35:22.310Z", "modified": "2025-01-21T14:35:22.310Z", "project": 4, "approved": true, "tags": []}}, {"model": "testimonials.testimonial", "pk": 98, "fields": {"name": "Unknown", "tagline": "null", "avatar": "", "email": "", "company": "null", "team": "null", "company_logo": "", "rating": 0, "title": "null", "testimonial": "My CA stopped answering my calls after I told him this plan.\r\n\r\nAt AutoFlow, we believe in celebrating milestones in a big way. That's why, for our Product Hunt launch of AutoFlow Studio, I'm giving away a MacBook (from my personal savings ) to one of our amazing team members for every 300 upvotes!\r\n\r\nBut here's the real question: How many MacBooks will my savings account survive? \r\n\r\nThis is not just about a product launch; it's about recognizing the hard work and dedication of our incredible team.\r\n\r\nCheck us out through the link in the comments and support us on this exciting journey.\r\n\r\nHimanshu Kukreja Dhruv Panchal Arindam Baidya Bhavish Mayyar Mohammed Rashiq H\r\n#BuildingInPublic #autoflow #qa #producthunt #testautomation #testing", "url": "https://www.linkedin.com/posts/sahil-dev_buildinginpublic-autoflow-qa-activity-7265320702449197057-D9eU/", "date": "2025-01-21", "created": "2025-01-21T14:35:52.169Z", "modified": "2025-01-21T14:36:39.436Z", "project": 4, "approved": true, "tags": []}}, {"model": "testimonials.testimonial", "pk": 99, "fields": {"name": "SakuraYamauchii", "tagline": null, "avatar": "", "email": "", "company": null, "team": null, "company_logo": "", "rating": 0, "title": null, "testimonial": "Apologies for using the man flair, couldn't post without it if u feel it was wrong I'll delete the post. Anyways. Will be answering all questions honestly relating to anything from feminism to an avg Indian girl pov. Request modesty<3", "url": "https://www.reddit.com/r/onexindia/comments/1i6joqo/im_an_indian_feminist_girl_ama/", "date": "2025-01-21", "created": "2025-01-21T14:38:23.132Z", "modified": "2025-01-21T14:38:23.132Z", "project": 4, "approved": true, "tags": []}}, {"model": "testimonials.testimonial", "pk": 100, "fields": {"name": "SakuraYamauchii", "tagline": "null", "avatar": "", "email": "", "company": "null", "team": "null", "company_logo": "", "rating": 0, "title": "null", "testimonial": "Apologies for using the man flair, couldn't post without it if u feel it was wrong I'll delete the post. Anyways. Will be answering all questions honestly relating to anything from feminism to an avg Indian girl pov. Request modesty<3", "url": "https://www.reddit.com/r/onexindia/comments/1i6joqo/im_an_indian_feminist_girl_ama/", "date": "2025-01-21", "created": "2025-01-21T14:38:44.225Z", "modified": "2025-01-21T14:38:51.171Z", "project": 4, "approved": true, "tags": []}}, {"model": "testimonials.testimonial", "pk": 101, "fields": {"name": "Bruce Wayne", "tagline": "I'm vengence", "avatar": "avatars/Screenshot_2025-01-22_at_14-04-10_batman_jpg_-_Google_Search.png", "email": "brucewayne@gmail.com", "company": "Wayne Enterprises", "team": "", "company_logo": "company_logos/Screenshot_2025-01-22_at_14-04-26_batman_jpg_-_Google_Search.png", "rating": 5, "title": "", "testimonial": "This is a nice product!!", "url": "https://batman.com", "date": "2025-01-22", "created": "2025-01-22T08:35:04.715Z", "modified": "2025-01-22T08:36:37.845Z", "project": 4, "approved": false, "tags": [7]}}, {"model": "testimonials.testimonial", "pk": 102, "fields": {"name": "Tony Stark", "tagline": "Out of work with world peace!!", "avatar": "avatars/Screenshot_2025-01-22_at_14-08-12_ironman_-_Google_Search.png", "email": "tony@stark.com", "company": "Stark Industries", "team": "", "company_logo": "company_logos/Screenshot_2025-01-22_at_14-09-04_stark_enterprises_-_Google_Search.png", "rating": 5, "title": "", "testimonial": "I am ironman!", "url": "http://www.stark.com", "date": "2025-01-22", "created": "2025-01-22T08:39:28.073Z", "modified": "2025-01-22T08:39:28.073Z", "project": 4, "approved": true, "tags": [5]}}, {"model": "testimonials.testimonial", "pk": 103, "fields": {"name": "Bruce Wayne", "tagline": "ceo", "avatar": "", "email": "brucewayne@gmail.com", "company": "", "team": "", "company_logo": "", "rating": 5, "title": "", "testimonial": "Hello", "url": "", "date": "2025-01-25", "created": "2025-01-25T10:17:17.770Z", "modified": "2025-01-25T10:17:17.770Z", "project": 4, "approved": true, "tags": []}}, {"model": "testimonials.testimonial", "pk": 104, "fields": {"name": "Tester 2", "tagline": "ceo", "avatar": "", "email": "tony@stark.com", "company": "", "team": "", "company_logo": "", "rating": 5, "title": "", "testimonial": "Testing 2", "url": "", "date": "2025-01-25", "created": "2025-01-25T10:18:44.731Z", "modified": "2025-01-25T10:18:44.731Z", "project": 4, "approved": true, "tags": []}}, {"model": "testimonials.testimonial", "pk": 105, "fields": {"name": "eafa", "tagline": "I'm vengence", "avatar": "", "email": "tony@stark.com", "company": "", "team": "", "company_logo": "", "rating": 5, "title": "", "testimonial": "teatee", "url": "", "date": "2025-01-25", "created": "2025-01-25T10:21:16.023Z", "modified": "2025-01-25T10:21:16.023Z", "project": 4, "approved": true, "tags": []}}, {"model": "testimonials.testimonial", "pk": 106, "fields": {"name": "Tarun Kota", "tagline": "EAFE", "avatar": "", "email": "tarunkota4@gmail.com", "company": "", "team": "", "company_logo": "", "rating": 5, "title": "", "testimonial": "teatea", "url": "", "date": "2025-01-25", "created": "2025-01-25T10:23:27.807Z", "modified": "2025-01-25T10:23:27.807Z", "project": 4, "approved": true, "tags": []}}, {"model": "testimonials.testimonial", "pk": 107, "fields": {"name": "teaf", "tagline": "efae", "avatar": "", "email": "tarun@airavata.app", "company": "", "team": "", "company_logo": "", "rating": 4, "title": "", "testimonial": "eaefa", "url": "", "date": "2025-01-25", "created": "2025-01-25T10:25:39.968Z", "modified": "2025-01-25T10:25:39.968Z", "project": 4, "approved": true, "tags": []}}, {"model": "testimonials.testimonial", "pk": 108, "fields": {"name": "efa", "tagline": "efa", "avatar": "", "email": "tarunkota4@gmail.com", "company": "", "team": "", "company_logo": "", "rating": 5, "title": "", "testimonial": "efaefa", "url": "", "date": "2025-01-25", "created": "2025-01-25T10:27:55.601Z", "modified": "2025-01-25T10:27:55.601Z", "project": 4, "approved": true, "tags": []}}, {"model": "testimonials.testimonial", "pk": 109, "fields": {"name": "1231", "tagline": "123", "avatar": "", "email": "eta@gaec.com", "company": "", "team": "", "company_logo": "", "rating": 5, "title": "", "testimonial": "112121", "url": "", "date": "2025-01-25", "created": "2025-01-25T10:30:34.916Z", "modified": "2025-01-25T10:30:34.916Z", "project": 4, "approved": true, "tags": []}}, {"model": "testimonials.testimonial", "pk": 110, "fields": {"name": "atea", "tagline": "eaf", "avatar": "", "email": "eta@gaec.com", "company": "", "team": "", "company_logo": "", "rating": 3, "title": "", "testimonial": "231", "url": "", "date": "2025-01-25", "created": "2025-01-25T10:32:03.531Z", "modified": "2025-01-25T10:32:03.531Z", "project": 4, "approved": true, "tags": []}}, {"model": "testimonials.testimonial", "pk": 111, "fields": {"name": "21321", "tagline": "1231", "avatar": "", "email": "eta@gaec.com", "company": "", "team": "", "company_logo": "", "rating": 2, "title": "", "testimonial": "12312", "url": "", "date": "2025-01-25", "created": "2025-01-25T10:32:37.700Z", "modified": "2025-01-25T10:32:37.700Z", "project": 4, "approved": true, "tags": []}}, {"model": "testimonials.testimonial", "pk": 112, "fields": {"name": "John doe123", "tagline": "1231", "avatar": "", "email": "eta@gaec.com", "company": "", "team": "", "company_logo": "", "rating": 4, "title": "", "testimonial": "12313", "url": "", "date": "2025-01-25", "created": "2025-01-25T10:37:40.691Z", "modified": "2025-01-25T10:37:40.691Z", "project": 4, "approved": true, "tags": []}}, {"model": "testimonials.testimonial", "pk": 113, "fields": {"name": "faewa", "tagline": "1231", "avatar": "", "email": "eta@gaec.com", "company": "", "team": "", "company_logo": "", "rating": 5, "title": "", "testimonial": "1231", "url": "", "date": "2025-01-25", "created": "2025-01-25T10:38:38.857Z", "modified": "2025-01-25T10:38:38.857Z", "project": 4, "approved": true, "tags": []}}, {"model": "testimonials.testimonial", "pk": 114, "fields": {"name": "afea", "tagline": "EAFE", "avatar": "", "email": "eta@gaec.com", "company": "", "team": "", "company_logo": "", "rating": 4, "title": "", "testimonial": "", "url": "", "date": "2025-01-25", "created": "2025-01-25T10:53:51.506Z", "modified": "2025-01-25T10:53:51.506Z", "project": 4, "approved": true, "tags": []}}, {"model": "testimonials.testimonial", "pk": 115, "fields": {"name": "Widgets 12", "tagline": "123", "avatar": "", "email": "eta@gaec.com", "company": "", "team": "", "company_logo": "", "rating": 5, "title": "", "testimonial": "", "url": "", "date": "2025-01-25", "created": "2025-01-25T11:07:32.571Z", "modified": "2025-01-25T11:07:32.571Z", "project": 4, "approved": true, "tags": []}}, {"model": "testimonials.testimonial", "pk": 116, "fields": {"name": "123", "tagline": "de", "avatar": "", "email": "eta@gaec.com", "company": "", "team": "", "company_logo": "", "rating": 4, "title": "", "testimonial": "", "url": "", "date": "2025-01-25", "created": "2025-01-25T11:09:25.081Z", "modified": "2025-01-25T11:09:25.081Z", "project": 4, "approved": true, "tags": []}}, {"model": "testimonials.testimonialimage", "pk": 28, "fields": {"testimonial": 49, "image": "testimonial_images/Screenshot_2025-01-04_at_07-57-32_ChatGPT.png"}}, {"model": "testimonials.testimonialimage", "pk": 29, "fields": {"testimonial": 49, "image": "testimonial_images/avatar.png"}}, {"model": "testimonials.testimonialimage", "pk": 30, "fields": {"testimonial": 65, "image": "testimonial_images/unknown_7265320702449197057_B3XJCp9.jpg"}}, {"model": "testimonials.testimonialimage", "pk": 31, "fields": {"testimonial": 66, "image": "testimonial_images/skipz3r_1i67b6x.jpg"}}, {"model": "testimonials.testimonialimage", "pk": 40, "fields": {"testimonial": 95, "image": "testimonial_images/Login_eL8Qnuc.png"}}, {"model": "testimonials.testimonialimage", "pk": 42, "fields": {"testimonial": 94, "image": "testimonial_images/avatar_MCwji5S_0kFZ6I0.png"}}, {"model": "testimonials.testimonialimage", "pk": 43, "fields": {"testimonial": 96, "image": "testimonial_images/unknown_7265320702449197057_isD9zXq.jpg"}}, {"model": "testimonials.testimonialimage", "pk": 44, "fields": {"testimonial": 97, "image": "testimonial_images/unknown_7265320702449197057_6qsQ0Bv.jpg"}}, {"model": "testimonials.testimonialimage", "pk": 46, "fields": {"testimonial": 98, "image": "testimonial_images/unknown_7265320702449197057_EbTTJxJ_ZIbxQEq.jpg"}}, {"model": "testimonials.testimonialimage", "pk": 48, "fields": {"testimonial": 101, "image": "testimonial_images/2140316_r7qj7Zq.jpg"}}, {"model": "testimonials.testimonialimage", "pk": 49, "fields": {"testimonial": 102, "image": "testimonial_images/Screenshot_2025-01-22_at_14-07-37_ironman_-_Google_Search.png"}}, {"model": "testimonials.testimonialimage", "pk": 50, "fields": {"testimonial": 113, "image": "testimonial_images/ouael-ben-salah-YoXCOrITTI4-unsplash.jpg"}}, {"model": "testimonials.testimonialvideo", "pk": 4, "fields": {"testimonial": 50, "video": "testimonial_videos/How_You_Can_Spot_AI_Scams_on_the_Internet_tnEgaf6.mp4"}}, {"model": "testimonials.testimonialvideo", "pk": 5, "fields": {"testimonial": 56, "video": "testimonial_videos/viratkohli_3549680626358951298.mp4"}}, {"model": "testimonials.testimonialvideo", "pk": 6, "fields": {"testimonial": 62, "video": "testimonial_videos/viratkohli_3543858444575832323.mp4"}}, {"model": "testimonials.testimonialvideo", "pk": 7, "fields": {"testimonial": 87, "video": "testimonial_videos/How_You_Can_Spot_AI_Scams_on_the_Internet_9kJRAra.mp4"}}, {"model": "testimonials.testimonialvideo", "pk": 8, "fields": {"testimonial": 115, "video": "testimonial_videos/blob"}}, {"model": "testimonials.testimonialvideo", "pk": 9, "fields": {"testimonial": 116, "video": "testimonial_videos/testimonial_video.webm"}}, {"model": "campaigns.campaign", "pk": 19, "fields": {"name": "Batman's Testimonials", "description": "Testimonials from the villians of gotham.", "logo": "campaign_logos/Screenshot_2025-01-22_at_14-04-26_batman_jpg_-_Google_Search_rFoQjXQ_o6o5_84KO61W.png", "primaryColor": "#000000", "backgroundColor": "#ffffff", "fontFamily": "Arial", "welcomeTitle": "How is Batman?", "welcomeNote": "Tell us about your recent fight with Batman.", "textCheckbox": true, "videoCheckbox": true, "textButtonName": "Write a testimonial", "videoButtonName": "Record a video", "responseTitle": "Share your testimonial", "responseInstructions": "How did the recent fight go?", "collectStarRating": true, "collectImageFiles": true, "gatherEmailEnabled": true, "gatherEmailRequired": true, "captureJobTitleEnabled": true, "captureJobTitleRequired": true, "collectUserPhotoEnabled": false, "collectUserPhotoRequired": false, "acquireWebsiteUrlEnabled": false, "acquireWebsiteUrlRequired": false, "gatherCompanyLogoEnabled": false, "gatherCompanyLogoRequired": false, "thankYouTitle": "Thank you for your support", "thankYouNote": "Your support is what fuels our innovation! Thank you for choosing 99testimonials. We're excited to see how it helps you build trust.", "callToActionEnabled": true, "callToActionLabel": "Call Batman", "callToActionUrl": "https://www.batman.com", "shareLink": false, "shareFacebook": true, "shareTiktok": true, "shareInstagram": true, "shareLinkedin": true, "shareTwitter": true, "removeBranding": false, "project": 4}}, {"model": "embeds.embedcategory", "pk": 1, "fields": {"category": "Pop ups", "order": 1}}, {"model": "embeds.embedcategory", "pk": 2, "fields": {"category": "Widgets", "order": 2}}, {"model": "embeds.embedcategory", "pk": 3, "fields": {"category": "Video Embeds", "order": 3}}, {"model": "embeds.embedtemplate", "pk": 1, "fields": {"category": 1, "name": "Pop-up 1", "image": "embed_templates/Pop-up_1.png", "multiple": false}}, {"model": "embeds.embedtemplate", "pk": 2, "fields": {"category": 1, "name": "Pop-up 2", "image": "embed_templates/Pop-up_21.png", "multiple": false}}, {"model": "embeds.embedtemplate", "pk": 3, "fields": {"category": 2, "name": "Widget 1", "image": "embed_templates/Widget_1_-_without_watermark.png", "multiple": true}}, {"model": "embeds.embedtemplate", "pk": 4, "fields": {"category": 2, "name": "Widget 2", "image": "embed_templates/Widget_2_-_with_watermark.png", "multiple": true}}, {"model": "embeds.embedtemplate", "pk": 5, "fields": {"category": 2, "name": "Widget 3", "image": "embed_templates/Widget_3.png", "multiple": true}}, {"model": "embeds.embedtemplate", "pk": 6, "fields": {"category": 2, "name": "Widget 4", "image": "embed_templates/Widget_4.png", "multiple": true}}, {"model": "embeds.embedtemplate", "pk": 7, "fields": {"category": 2, "name": "Widget 5", "image": "embed_templates/Widget_5.png", "multiple": false}}, {"model": "embeds.embedtemplate", "pk": 8, "fields": {"category": 2, "name": "Widget 8", "image": "embed_templates/Widget_8.png", "multiple": true}}, {"model": "embeds.embedtemplate", "pk": 9, "fields": {"category": 2, "name": "Widget 9", "image": "embed_templates/Widget_9.png", "multiple": true}}, {"model": "embeds.embedtemplate", "pk": 10, "fields": {"category": 2, "name": "Widget 10", "image": "embed_templates/Widget_10.png", "multiple": true}}, {"model": "embeds.embedtemplate", "pk": 11, "fields": {"category": 2, "name": "Widgets 11", "image": "embed_templates/Widget_11.png", "multiple": true}}, {"model": "embeds.embedtemplate", "pk": 12, "fields": {"category": 2, "name": "Widgets 12", "image": "embed_templates/Widget_12.png", "multiple": true}}, {"model": "embeds.embedtemplate", "pk": 13, "fields": {"category": 3, "name": "Single Video", "image": "embed_templates/Video_1_-_Preview_on_website_-_single.png", "multiple": false}}, {"model": "embeds.embedtemplate", "pk": 14, "fields": {"category": 3, "name": "Multiple Videos", "image": "embed_templates/Video_1_-_Preview_on_website_-_Multiple_-_with_watermark.png", "multiple": true}}, {"model": "embeds.embedinstance", "pk": "0cff957d-f15c-468e-8215-36a86f70c340", "fields": {"name": "p2", "description": "dev", "project": 4, "template": 2, "primaryColor": "#3C32AF", "backgroundColor": "#ffffff", "fontFamily": "Arial", "callToActionLabel": "Visit", "callToActionUrl": "https://www.99testimonials.com", "testimonials": [100]}}, {"model": "embeds.embedinstance", "pk": "3b739199-79e7-4a20-8b36-651e39a66c1c", "fields": {"name": "w2", "description": "dev", "project": 4, "template": 4, "primaryColor": "#33d17a", "backgroundColor": "#ffffff", "fontFamily": "Arial", "callToActionLabel": "Visit", "callToActionUrl": "https://www.99testimonials.com", "testimonials": [93, 95, 98, 99]}}, {"model": "embeds.embedinstance", "pk": "a6789e47-ae34-42da-81af-b21ee25d837c", "fields": {"name": "w1", "description": "dev", "project": 4, "template": 3, "primaryColor": "#3C32AF", "backgroundColor": "#ffffff", "fontFamily": "Arial", "callToActionLabel": "Visit", "callToActionUrl": "https://www.99testimonials.com", "testimonials": [94, 95, 98, 100]}}, {"model": "embeds.embedinstance", "pk": "fac44d32-d87c-48bf-926e-f808e35d7625", "fields": {"name": "p1", "description": "dev", "project": 4, "template": 1, "primaryColor": "#3C32AF", "backgroundColor": "#ffffff", "fontFamily": "Arial", "callToActionLabel": "Visit us", "callToActionUrl": "https://www.99testimonials.com", "testimonials": [94]}}, {"model": "accounts.userdetails", "pk": 6, "fields": {"user": 13, "gender": "M", "country": "Unknown", "phone": "", "display_picture": "", "pricing_plan": 1}}, {"model": "accounts.userdetails", "pk": 7, "fields": {"user": 14, "gender": "M", "country": "Unknown", "phone": "", "display_picture": "", "pricing_plan": 1}}, {"model": "payments.pricingplan", "pk": 1, "fields": {"name": "Free", "plan_type": "monthly", "amount": "0.00", "features": "15 free testimonials\r\n1 Video Testimonial\r\n1 Free Campaign\r\n1 Project", "active": true, "product_id": "", "testimonials": 15, "video_testimonials": 1, "campaigns": 1, "projects": 1, "staff": 1}}, {"model": "payments.pricingplan", "pk": 2, "fields": {"name": "Pro", "plan_type": "monthly", "amount": "9.00", "features": "Unlimited testimonials\r\n10 Video Testimonial\r\n4 Campaigns\r\n10 Project\r\n2 staff", "active": true, "product_id": "", "testimonials": 100000, "video_testimonials": 10, "campaigns": 4, "projects": 10, "staff": 2}}]